VOPD_PREFLIGHT=PASS
EXPERIMENT_ID=E-D11-6K-VOPD-PILOT-016
SUMMARY=/root/autodl-tmp/Vision-OPD-main/artifacts/runs/E-D11-6K-GATE-001/pilot/16/preflight/preflight_summary.json
TRAIN_ROWS=16
MISSING_IMAGE_PATHS=0
Starting E-D11-6K-VOPD-PILOT-016 on CUDA_VISIBLE_DEVICES=0,1
Config: /root/autodl-tmp/Vision-OPD-main/configs/vopd_6241_pilot_16.yaml
Training data: /root/autodl-tmp/data/vision_opd_6241/pilot/train_pilot_16.parquet
Audit manifest: /root/autodl-tmp/Vision-OPD-main/artifacts/runs/E-D11-6K-GATE-001/pilot/16/preflight/run_invocation.json
Log: /root/autodl-tmp/Vision-OPD-main/artifacts/runs/E-D11-6K-GATE-001/pilot/16/logs/train.log
2026-09-05 20:29:29,754	WARNING utils.py:458 -- Detecting docker specified CPUs. In previous versions of Ray, CPU detection in containers was incorrect. Please ensure that Ray has enough CPUs allocated. As a temporary workaround to revert to the prior behavior, set `RAY_USE_MULTIPROCESSING_CPU_COUNT=1` as an env var before starting Ray. Set the env var: `RAY_DISABLE_DOCKER_CPU_WARNING=1` to mute this warning.
2026-09-05 20:29:30,137	INFO worker.py:1998 -- Started a local Ray instance. View the dashboard at [1m[32mhttp://127.0.0.1:8265 [39m[22m
/root/miniconda3/envs/vision-opd/lib/python3.12/site-packages/ray/_private/worker.py:2046: FutureWarning: Tip: In future versions of Ray, Ray will no longer override accelerator visible devices env var if num_gpus=0 or num_gpus=None (default). To enable this behavior and turn off this error message, set RAY_ACCEL_ENV_VAR_OVERRIDE_ON_ZERO=0
  warnings.warn(
ray init kwargs: {'num_cpus': None, 'runtime_env': {'env_vars': {'TOKENIZERS_PARALLELISM': 'true', 'NCCL_DEBUG': 'WARN', 'VLLM_LOGGING_LEVEL': 'WARN', 'VLLM_ALLOW_RUNTIME_LORA_UPDATING': 'true', 'VLLM_ALLREDUCE_USE_SYMM_MEM': '0', 'CUDA_DEVICE_MAX_CONNECTIONS': '1', 'NCCL_CUMEM_ENABLE': '0'}, 'working_dir': None}}
[36m(TaskRunner pid=6434)[0m TaskRunner hostname: autodl-container-lalbr7shzx-e6385dc5, PID: 6434
[36m(TaskRunner pid=6434)[0m {'actor_rollout_ref': {'actor': {'_target_': 'verl.workers.config.FSDPActorConfig',
[36m(TaskRunner pid=6434)[0m                                  'calculate_entropy': False,
[36m(TaskRunner pid=6434)[0m                                  'calculate_sum_pi_squared': False,
[36m(TaskRunner pid=6434)[0m                                  'checkpoint': {'_target_': 'verl.trainer.config.CheckpointConfig',
[36m(TaskRunner pid=6434)[0m                                                 'async_save': False,
[36m(TaskRunner pid=6434)[0m                                                 'fsdp_flush_reclaim': True,
[36m(TaskRunner pid=6434)[0m                                                 'load_contents': ['model',
[36m(TaskRunner pid=6434)[0m                                                                   'optimizer',
[36m(TaskRunner pid=6434)[0m                                                                   'extra'],
[36m(TaskRunner pid=6434)[0m                                                 'save_contents': ['model',
[36m(TaskRunner pid=6434)[0m                                                                   'optimizer',
[36m(TaskRunner pid=6434)[0m                                                                   'extra']},
[36m(TaskRunner pid=6434)[0m                                  'clip_ratio': 0.2,
[36m(TaskRunner pid=6434)[0m                                  'clip_ratio_c': 3.0,
[36m(TaskRunner pid=6434)[0m                                  'clip_ratio_high': 0.3,
[36m(TaskRunner pid=6434)[0m                                  'clip_ratio_low': 0.2,
[36m(TaskRunner pid=6434)[0m                                  'data_loader_seed': 42,
[36m(TaskRunner pid=6434)[0m                                  'entropy_checkpointing': False,
[36m(TaskRunner pid=6434)[0m                                  'entropy_coeff': 0,
[36m(TaskRunner pid=6434)[0m                                  'entropy_from_logits_with_chunking': False,
[36m(TaskRunner pid=6434)[0m                                  'freeze_vision_tower': False,
[36m(TaskRunner pid=6434)[0m                                  'fsdp_config': {'_target_': 'verl.workers.config.FSDPEngineConfig',
[36m(TaskRunner pid=6434)[0m                                                  'dtype': 'bfloat16',
[36m(TaskRunner pid=6434)[0m                                                  'entropy_checkpointing': False,
[36m(TaskRunner pid=6434)[0m                                                  'entropy_from_logits_with_chunking': False,
[36m(TaskRunner pid=6434)[0m                                                  'forward_only': False,
[36m(TaskRunner pid=6434)[0m                                                  'forward_prefetch': False,
[36m(TaskRunner pid=6434)[0m                                                  'fsdp_size': -1,
[36m(TaskRunner pid=6434)[0m                                                  'full_determinism': False,
[36m(TaskRunner pid=6434)[0m                                                  'model_dtype': 'fp32',
[36m(TaskRunner pid=6434)[0m                                                  'offload_policy': False,
[36m(TaskRunner pid=6434)[0m                                                  'optimizer_offload': True,
[36m(TaskRunner pid=6434)[0m                                                  'param_offload': True,
[36m(TaskRunner pid=6434)[0m                                                  'reshard_after_forward': True,
[36m(TaskRunner pid=6434)[0m                                                  'seed': 42,
[36m(TaskRunner pid=6434)[0m                                                  'strategy': 'fsdp',
[36m(TaskRunner pid=6434)[0m                                                  'ulysses_sequence_parallel_size': 1,
[36m(TaskRunner pid=6434)[0m                                                  'use_orig_params': False,
[36m(TaskRunner pid=6434)[0m                                                  'use_torch_compile': True,
[36m(TaskRunner pid=6434)[0m                                                  'wrap_policy': {'min_num_params': 0}},
[36m(TaskRunner pid=6434)[0m                                  'grad_clip': 1.0,
[36m(TaskRunner pid=6434)[0m                                  'kl_loss_coef': 0.001,
[36m(TaskRunner pid=6434)[0m                                  'kl_loss_type': 'low_var_kl',
[36m(TaskRunner pid=6434)[0m                                  'loss_agg_mode': 'token-mean',
[36m(TaskRunner pid=6434)[0m                                  'loss_scale_factor': None,
[36m(TaskRunner pid=6434)[0m                                  'optim': {'_target_': 'verl.workers.config.FSDPOptimizerConfig',
[36m(TaskRunner pid=6434)[0m                                            'betas': [0.9, 0.999],
[36m(TaskRunner pid=6434)[0m                                            'clip_grad': 1.0,
[36m(TaskRunner pid=6434)[0m                                            'lr': 2e-06,
[36m(TaskRunner pid=6434)[0m                                            'lr_scheduler_type': 'constant',
[36m(TaskRunner pid=6434)[0m                                            'lr_warmup_steps': 10,
[36m(TaskRunner pid=6434)[0m                                            'lr_warmup_steps_ratio': 0.0,
[36m(TaskRunner pid=6434)[0m                                            'min_lr_ratio': 0.0,
[36m(TaskRunner pid=6434)[0m                                            'num_cycles': 0.5,
[36m(TaskRunner pid=6434)[0m                                            'optimizer': 'AdamW',
[36m(TaskRunner pid=6434)[0m                                            'optimizer_impl': 'torch.optim',
[36m(TaskRunner pid=6434)[0m                                            'override_optimizer_config': None,
[36m(TaskRunner pid=6434)[0m                                            'total_training_steps': -1,
[36m(TaskRunner pid=6434)[0m                                            'warmup_style': None,
[36m(TaskRunner pid=6434)[0m                                            'weight_decay': 0.01},
[36m(TaskRunner pid=6434)[0m                                  'policy_loss': {'_target_': 'verl.workers.config.PolicyLossConfig',
[36m(TaskRunner pid=6434)[0m                                                  'clip_cov_lb': 1.0,
[36m(TaskRunner pid=6434)[0m                                                  'clip_cov_ratio': 0.0002,
[36m(TaskRunner pid=6434)[0m                                                  'clip_cov_ub': 5.0,
[36m(TaskRunner pid=6434)[0m                                                  'kl_cov_ratio': 0.0002,
[36m(TaskRunner pid=6434)[0m                                                  'loss_mode': 'vopd',
[36m(TaskRunner pid=6434)[0m                                                  'ppo_kl_coef': 0.1},
[36m(TaskRunner pid=6434)[0m                                  'ppo_epochs': 1,
[36m(TaskRunner pid=6434)[0m                                  'ppo_max_token_len_per_gpu': 9216,
[36m(TaskRunner pid=6434)[0m                                  'ppo_micro_batch_size': None,
[36m(TaskRunner pid=6434)[0m                                  'ppo_micro_batch_size_per_gpu': 1,
[36m(TaskRunner pid=6434)[0m                                  'ppo_mini_batch_size': 8,
[36m(TaskRunner pid=6434)[0m                                  'profiler': {'_target_': 'verl.utils.profiler.ProfilerConfig',
[36m(TaskRunner pid=6434)[0m                                               'all_ranks': False,
[36m(TaskRunner pid=6434)[0m                                               'enable': False,
[36m(TaskRunner pid=6434)[0m                                               'ranks': [],
[36m(TaskRunner pid=6434)[0m                                               'save_path': 'outputs/profile',
[36m(TaskRunner pid=6434)[0m                                               'tool': None,
[36m(TaskRunner pid=6434)[0m                                               'tool_config': {'npu': {'_target_': 'verl.utils.profiler.config.NPUToolConfig',
[36m(TaskRunner pid=6434)[0m                                                                       'analysis': True,
[36m(TaskRunner pid=6434)[0m                                                                       'contents': [],
[36m(TaskRunner pid=6434)[0m                                                                       'discrete': False,
[36m(TaskRunner pid=6434)[0m                                                                       'level': 'level0'},
[36m(TaskRunner pid=6434)[0m                                                               'nsys': {'_target_': 'verl.utils.profiler.config.NsightToolConfig',
[36m(TaskRunner pid=6434)[0m                                                                        'discrete': False},
[36m(TaskRunner pid=6434)[0m                                                               'torch': {'_target_': 'verl.utils.profiler.config.TorchProfilerToolConfig',
[36m(TaskRunner pid=6434)[0m                                                                         'step_end': None,
[36m(TaskRunner pid=6434)[0m                                                                         'step_start': 0},
[36m(TaskRunner pid=6434)[0m                                                               'torch_memory': {'_target_': 'verl.utils.profiler.config.TorchMemoryToolConfig',
[36m(TaskRunner pid=6434)[0m                                                                                'stack_depth': 32,
[36m(TaskRunner pid=6434)[0m                                                                                'trace_alloc_max_entries': 100000}}},
[36m(TaskRunner pid=6434)[0m                                  'rollout_n': 1,
[36m(TaskRunner pid=6434)[0m                                  'router_replay': {'_target_': 'verl.workers.config.RouterReplayConfig',
[36m(TaskRunner pid=6434)[0m                                                    'mode': 'disabled',
[36m(TaskRunner pid=6434)[0m                                                    'record_file': None,
[36m(TaskRunner pid=6434)[0m                                                    'replay_file': None},
[36m(TaskRunner pid=6434)[0m                                  'self_distillation': {'_target_': 'verl.workers.config.SelfDistillationConfig',
[36m(TaskRunner pid=6434)[0m                                                        'alpha': 0.5,
[36m(TaskRunner pid=6434)[0m                                                        'answer_hint_template': '\n'
[36m(TaskRunner pid=6434)[0m                                                                                '\n'
[36m(TaskRunner pid=6434)[0m                                                                                'Here '
[36m(TaskRunner pid=6434)[0m                                                                                'is '
[36m(TaskRunner pid=6434)[0m                                                                                'a '
[36m(TaskRunner pid=6434)[0m                                                                                'reference '
[36m(TaskRunner pid=6434)[0m                                                                                'solution '
[36m(TaskRunner pid=6434)[0m                                                                                'to '
[36m(TaskRunner pid=6434)[0m                                                                                'this '
[36m(TaskRunner pid=6434)[0m                                                                                'problem:\n'
[36m(TaskRunner pid=6434)[0m                                                                                '{answer}\n'
[36m(TaskRunner pid=6434)[0m                                                                                '\n'
[36m(TaskRunner pid=6434)[0m                                                                                'After '
[36m(TaskRunner pid=6434)[0m                                                                                'understanding '
[36m(TaskRunner pid=6434)[0m                                                                                'the '
[36m(TaskRunner pid=6434)[0m                                                                                'reference '
[36m(TaskRunner pid=6434)[0m                                                                                'solution, '
[36m(TaskRunner pid=6434)[0m                                                                                'please '
[36m(TaskRunner pid=6434)[0m                                                                                'try '
[36m(TaskRunner pid=6434)[0m                                                                                'to '
[36m(TaskRunner pid=6434)[0m                                                                                'solve '
[36m(TaskRunner pid=6434)[0m                                                                                'this '
[36m(TaskRunner pid=6434)[0m                                                                                'problem '
[36m(TaskRunner pid=6434)[0m                                                                                'using '
[36m(TaskRunner pid=6434)[0m                                                                                'your '
[36m(TaskRunner pid=6434)[0m                                                                                'own '
[36m(TaskRunner pid=6434)[0m                                                                                'approach '
[36m(TaskRunner pid=6434)[0m                                                                                'below:',
[36m(TaskRunner pid=6434)[0m                                                        'distillation_add_tail': True,
[36m(TaskRunner pid=6434)[0m                                                        'distillation_topk': 100,
[36m(TaskRunner pid=6434)[0m                                                        'dont_reprompt_on_self_success': True,
[36m(TaskRunner pid=6434)[0m                                                        'environment_feedback_only_without_solution': True,
[36m(TaskRunner pid=6434)[0m                                                        'fallback_to_policy_loss_on_missing_teacher': False,
[36m(TaskRunner pid=6434)[0m                                                        'feedback_template': '\n'
[36m(TaskRunner pid=6434)[0m                                                                             'The '
[36m(TaskRunner pid=6434)[0m                                                                             'following '
[36m(TaskRunner pid=6434)[0m                                                                             'is '
[36m(TaskRunner pid=6434)[0m                                                                             'feedback '
[36m(TaskRunner pid=6434)[0m                                                                             'from '
[36m(TaskRunner pid=6434)[0m                                                                             'your '
[36m(TaskRunner pid=6434)[0m                                                                             'unsuccessful '
[36m(TaskRunner pid=6434)[0m                                                                             'earlier '
[36m(TaskRunner pid=6434)[0m                                                                             'attempt:\n'
[36m(TaskRunner pid=6434)[0m                                                                             '\n'
[36m(TaskRunner pid=6434)[0m                                                                             '{feedback_raw}',
[36m(TaskRunner pid=6434)[0m                                                        'full_logit_distillation': True,
[36m(TaskRunner pid=6434)[0m                                                        'gamma': 1.0,
[36m(TaskRunner pid=6434)[0m                                                        'include_environment_feedback': False,
[36m(TaskRunner pid=6434)[0m                                                        'is_clip': 2.0,
[36m(TaskRunner pid=6434)[0m                                                        'log_prob_dump_dir': '/root/autodl-tmp/Vision-OPD-main/artifacts/runs/E-D11-6K-GATE-001/pilot/16/evidence/log_probs',
[36m(TaskRunner pid=6434)[0m                                                        'max_reprompt_len': 10240,
[36m(TaskRunner pid=6434)[0m                                                        'remove_thinking_from_demonstration': True,
[36m(TaskRunner pid=6434)[0m                                                        'reprompt_template': '{prompt}{solution}{feedback}\n'
[36m(TaskRunner pid=6434)[0m                                                                             '\n'
[36m(TaskRunner pid=6434)[0m                                                                             'Correctly '
[36m(TaskRunner pid=6434)[0m                                                                             'solve '
[36m(TaskRunner pid=6434)[0m                                                                             'the '
[36m(TaskRunner pid=6434)[0m                                                                             'original '
[36m(TaskRunner pid=6434)[0m                                                                             'question.',
[36m(TaskRunner pid=6434)[0m                                                        'reprompt_truncation': 'right',
[36m(TaskRunner pid=6434)[0m                                                        'solution_template': '\n'
[36m(TaskRunner pid=6434)[0m                                                                             'Correct '
[36m(TaskRunner pid=6434)[0m                                                                             'solution:\n'
[36m(TaskRunner pid=6434)[0m                                                                             '\n'
[36m(TaskRunner pid=6434)[0m                                                                             '{successful_previous_attempt}',
[36m(TaskRunner pid=6434)[0m                                                        'success_reward_threshold': 0.5,
[36m(TaskRunner pid=6434)[0m                                                        'teacher_always_on': True,
[36m(TaskRunner pid=6434)[0m                                                        'teacher_image_key': 'bbox_images',
[36m(TaskRunner pid=6434)[0m                                                        'teacher_model_path': None,
[36m(TaskRunner pid=6434)[0m                                                        'teacher_model_source': 'legacy',
[36m(TaskRunner pid=6434)[0m                                                        'teacher_prompt_mode': None,
[36m(TaskRunner pid=6434)[0m                                                        'teacher_regularization': 'ema',
[36m(TaskRunner pid=6434)[0m                                                        'teacher_update_interval': None,
[36m(TaskRunner pid=6434)[0m                                                        'teacher_update_rate': 0.05},
[36m(TaskRunner pid=6434)[0m                                  'shuffle': False,
[36m(TaskRunner pid=6434)[0m                                  'strategy': 'fsdp',
[36m(TaskRunner pid=6434)[0m                                  'sum_pi_squared_checkpointing': False,
[36m(TaskRunner pid=6434)[0m                                  'tau_neg': 1.05,
[36m(TaskRunner pid=6434)[0m                                  'tau_pos': 1.0,
[36m(TaskRunner pid=6434)[0m                                  'ulysses_sequence_parallel_size': 1,
[36m(TaskRunner pid=6434)[0m                                  'use_dynamic_bsz': True,
[36m(TaskRunner pid=6434)[0m                                  'use_fused_kernels': False,
[36m(TaskRunner pid=6434)[0m                                  'use_kl_loss': False,
[36m(TaskRunner pid=6434)[0m                                  'use_prefix_grouper': False,
[36m(TaskRunner pid=6434)[0m                                  'use_remove_padding': True,
[36m(TaskRunner pid=6434)[0m                                  'use_torch_compile': True},
[36m(TaskRunner pid=6434)[0m                        'hybrid_engine': True,
[36m(TaskRunner pid=6434)[0m                        'model': {'_target_': 'verl.workers.config.HFModelConfig',
[36m(TaskRunner pid=6434)[0m                                  'custom_chat_template': None,
[36m(TaskRunner pid=6434)[0m                                  'custom_chat_template_file': '/root/autodl-tmp/Vision-OPD-main/chat_templates/perception_chat_template_qwen35.jinja',
[36m(TaskRunner pid=6434)[0m                                  'enable_activation_offload': False,
[36m(TaskRunner pid=6434)[0m                                  'enable_gradient_checkpointing': True,
[36m(TaskRunner pid=6434)[0m                                  'exclude_modules': None,
[36m(TaskRunner pid=6434)[0m                                  'external_lib': None,
[36m(TaskRunner pid=6434)[0m                                  'fused_kernel_options': {'impl_backend': 'torch'},
[36m(TaskRunner pid=6434)[0m                                  'hf_config_path': None,
[36m(TaskRunner pid=6434)[0m                                  'lora_adapter_path': None,
[36m(TaskRunner pid=6434)[0m                                  'lora_alpha': 16,
[36m(TaskRunner pid=6434)[0m                                  'lora_rank': 0,
[36m(TaskRunner pid=6434)[0m                                  'override_config': {},
[36m(TaskRunner pid=6434)[0m                                  'path': '/root/autodl-tmp/models/Qwen3.5-4B',
[36m(TaskRunner pid=6434)[0m                                  'target_modules': 'all-linear',
[36m(TaskRunner pid=6434)[0m                                  'tiled_mlp': {'enabled': False,
[36m(TaskRunner pid=6434)[0m                                                'num_shards': 4},
[36m(TaskRunner pid=6434)[0m                                  'tokenizer_path': None,
[36m(TaskRunner pid=6434)[0m                                  'trust_remote_code': True,
[36m(TaskRunner pid=6434)[0m                                  'use_fused_kernels': False,
[36m(TaskRunner pid=6434)[0m                                  'use_liger': False,
[36m(TaskRunner pid=6434)[0m                                  'use_remove_padding': True,
[36m(TaskRunner pid=6434)[0m                                  'use_shm': False},
[36m(TaskRunner pid=6434)[0m                        'nccl_timeout': 600,
[36m(TaskRunner pid=6434)[0m                        'ref': {'_target_': 'verl.workers.config.FSDPActorConfig',
[36m(TaskRunner pid=6434)[0m                                'entropy_checkpointing': False,
[36m(TaskRunner pid=6434)[0m                                'entropy_from_logits_with_chunking': False,
[36m(TaskRunner pid=6434)[0m                                'fsdp_config': {'_target_': 'verl.workers.config.FSDPEngineConfig',
[36m(TaskRunner pid=6434)[0m                                                'dtype': 'bfloat16',
[36m(TaskRunner pid=6434)[0m                                                'entropy_checkpointing': False,
[36m(TaskRunner pid=6434)[0m                                                'entropy_from_logits_with_chunking': False,
[36m(TaskRunner pid=6434)[0m                                                'forward_only': True,
[36m(TaskRunner pid=6434)[0m                                                'forward_prefetch': False,
[36m(TaskRunner pid=6434)[0m                                                'fsdp_size': -1,
[36m(TaskRunner pid=6434)[0m                                                'full_determinism': False,
[36m(TaskRunner pid=6434)[0m                                                'model_dtype': 'fp32',
[36m(TaskRunner pid=6434)[0m                                                'offload_policy': False,
[36m(TaskRunner pid=6434)[0m                                                'optimizer_offload': False,
[36m(TaskRunner pid=6434)[0m                                                'param_offload': True,
[36m(TaskRunner pid=6434)[0m                                                'reshard_after_forward': True,
[36m(TaskRunner pid=6434)[0m                                                'seed': 42,
[36m(TaskRunner pid=6434)[0m                                                'strategy': 'fsdp',
[36m(TaskRunner pid=6434)[0m                                                'ulysses_sequence_parallel_size': 1,
[36m(TaskRunner pid=6434)[0m                                                'use_orig_params': False,
[36m(TaskRunner pid=6434)[0m                                                'use_torch_compile': True,
[36m(TaskRunner pid=6434)[0m                                                'wrap_policy': {'min_num_params': 0}},
[36m(TaskRunner pid=6434)[0m                                'log_prob_max_token_len_per_gpu': 9216,
[36m(TaskRunner pid=6434)[0m                                'log_prob_micro_batch_size': None,
[36m(TaskRunner pid=6434)[0m                                'log_prob_micro_batch_size_per_gpu': 1,
[36m(TaskRunner pid=6434)[0m                                'log_prob_use_dynamic_bsz': True,
[36m(TaskRunner pid=6434)[0m                                'profiler': {'_target_': 'verl.utils.profiler.ProfilerConfig',
[36m(TaskRunner pid=6434)[0m                                             'all_ranks': False,
[36m(TaskRunner pid=6434)[0m                                             'enable': False,
[36m(TaskRunner pid=6434)[0m                                             'ranks': [],
[36m(TaskRunner pid=6434)[0m                                             'save_path': 'outputs/profile',
[36m(TaskRunner pid=6434)[0m                                             'tool': None,
[36m(TaskRunner pid=6434)[0m                                             'tool_config': {'npu': {'_target_': 'verl.utils.profiler.config.NPUToolConfig',
[36m(TaskRunner pid=6434)[0m                                                                     'analysis': True,
[36m(TaskRunner pid=6434)[0m                                                                     'contents': [],
[36m(TaskRunner pid=6434)[0m                                                                     'discrete': False,
[36m(TaskRunner pid=6434)[0m                                                                     'level': 'level0'},
[36m(TaskRunner pid=6434)[0m                                                             'nsys': {'_target_': 'verl.utils.profiler.config.NsightToolConfig',
[36m(TaskRunner pid=6434)[0m                                                                      'discrete': False},
[36m(TaskRunner pid=6434)[0m                                                             'torch': {'_target_': 'verl.utils.profiler.config.TorchProfilerToolConfig',
[36m(TaskRunner pid=6434)[0m                                                                       'step_end': None,
[36m(TaskRunner pid=6434)[0m                                                                       'step_start': 0},
[36m(TaskRunner pid=6434)[0m                                                             'torch_memory': {'_target_': 'verl.utils.profiler.config.TorchMemoryToolConfig',
[36m(TaskRunner pid=6434)[0m                                                                              'stack_depth': 32,
[36m(TaskRunner pid=6434)[0m                                                                              'trace_alloc_max_entries': 100000}}},
[36m(TaskRunner pid=6434)[0m                                'rollout_n': 1,
[36m(TaskRunner pid=6434)[0m                                'router_replay': {'_target_': 'verl.workers.config.RouterReplayConfig',
[36m(TaskRunner pid=6434)[0m                                                  'mode': 'disabled',
[36m(TaskRunner pid=6434)[0m                                                  'record_file': None,
[36m(TaskRunner pid=6434)[0m                                                  'replay_file': None},
[36m(TaskRunner pid=6434)[0m                                'strategy': 'fsdp',
[36m(TaskRunner pid=6434)[0m                                'ulysses_sequence_parallel_size': 1,
[36m(TaskRunner pid=6434)[0m                                'use_torch_compile': True},
[36m(TaskRunner pid=6434)[0m                        'rollout': {'_target_': 'verl.workers.config.RolloutConfig',
[36m(TaskRunner pid=6434)[0m                                    'agent': {'_target_': 'verl.workers.config.AgentLoopConfig',
[36m(TaskRunner pid=6434)[0m                                              'agent_loop_config_path': None,
[36m(TaskRunner pid=6434)[0m                                              'custom_async_server': {'_target_': 'verl.workers.config.CustomAsyncServerConfig',
[36m(TaskRunner pid=6434)[0m                                                                      'name': None,
[36m(TaskRunner pid=6434)[0m                                                                      'path': None},
[36m(TaskRunner pid=6434)[0m                                              'default_agent_loop': 'single_turn_agent',
[36m(TaskRunner pid=6434)[0m                                              'num_workers': 2},
[36m(TaskRunner pid=6434)[0m                                    'calculate_log_probs': True,
[36m(TaskRunner pid=6434)[0m                                    'cudagraph_capture_sizes': None,
[36m(TaskRunner pid=6434)[0m                                    'data_parallel_size': 1,
[36m(TaskRunner pid=6434)[0m                                    'disable_log_stats': True,
[36m(TaskRunner pid=6434)[0m                                    'do_sample': True,
[36m(TaskRunner pid=6434)[0m                                    'dtype': 'bfloat16',
[36m(TaskRunner pid=6434)[0m                                    'enable_chunked_prefill': True,
[36m(TaskRunner pid=6434)[0m                                    'enable_prefix_caching': True,
[36m(TaskRunner pid=6434)[0m                                    'enable_rollout_routing_replay': False,
[36m(TaskRunner pid=6434)[0m                                    'enforce_eager': False,
[36m(TaskRunner pid=6434)[0m                                    'engine_kwargs': {'sglang': {},
[36m(TaskRunner pid=6434)[0m                                                      'vllm': {'compilation_config': {'cudagraph_capture_sizes': [1,
[36m(TaskRunner pid=6434)[0m                                                                                                                  2,
[36m(TaskRunner pid=6434)[0m                                                                                                                  4,
[36m(TaskRunner pid=6434)[0m                                                                                                                  8],
[36m(TaskRunner pid=6434)[0m                                                                                      'pass_config': {'fuse_allreduce_rms': False}},
[36m(TaskRunner pid=6434)[0m                                                               'kernel_config': {'enable_flashinfer_autotune': False}}},
[36m(TaskRunner pid=6434)[0m                                    'expert_parallel_size': 1,
[36m(TaskRunner pid=6434)[0m                                    'free_cache_engine': True,
[36m(TaskRunner pid=6434)[0m                                    'gpu_memory_utilization': 0.4,
[36m(TaskRunner pid=6434)[0m                                    'ignore_eos': False,
[36m(TaskRunner pid=6434)[0m                                    'layered_summon': False,
[36m(TaskRunner pid=6434)[0m                                    'load_format': 'dummy',
[36m(TaskRunner pid=6434)[0m                                    'log_prob_max_token_len_per_gpu': 9216,
[36m(TaskRunner pid=6434)[0m                                    'log_prob_micro_batch_size': None,
[36m(TaskRunner pid=6434)[0m                                    'log_prob_micro_batch_size_per_gpu': 1,
[36m(TaskRunner pid=6434)[0m                                    'log_prob_use_dynamic_bsz': True,
[36m(TaskRunner pid=6434)[0m                                    'logprobs_mode': 'processed_logprobs',
[36m(TaskRunner pid=6434)[0m                                    'max_model_len': 9216,
[36m(TaskRunner pid=6434)[0m                                    'max_num_batched_tokens': 9216,
[36m(TaskRunner pid=6434)[0m                                    'max_num_seqs': 1024,
[36m(TaskRunner pid=6434)[0m                                    'mode': 'async',
[36m(TaskRunner pid=6434)[0m                                    'multi_stage_wake_up': False,
[36m(TaskRunner pid=6434)[0m                                    'multi_turn': {'_target_': 'verl.workers.config.MultiTurnConfig',
[36m(TaskRunner pid=6434)[0m                                                   'enable': False,
[36m(TaskRunner pid=6434)[0m                                                   'format': 'hermes',
[36m(TaskRunner pid=6434)[0m                                                   'interaction_config_path': None,
[36m(TaskRunner pid=6434)[0m                                                   'max_assistant_turns': None,
[36m(TaskRunner pid=6434)[0m                                                   'max_parallel_calls': 1,
[36m(TaskRunner pid=6434)[0m                                                   'max_tool_response_length': 256,
[36m(TaskRunner pid=6434)[0m                                                   'max_user_turns': None,
[36m(TaskRunner pid=6434)[0m                                                   'num_repeat_rollouts': None,
[36m(TaskRunner pid=6434)[0m                                                   'tokenization_sanity_check_mode': 'strict',
[36m(TaskRunner pid=6434)[0m                                                   'tool_config_path': None,
[36m(TaskRunner pid=6434)[0m                                                   'tool_response_truncate_side': 'middle',
[36m(TaskRunner pid=6434)[0m                                                   'use_inference_chat_template': False},
[36m(TaskRunner pid=6434)[0m                                    'n': 1,
[36m(TaskRunner pid=6434)[0m                                    'name': 'vllm',
[36m(TaskRunner pid=6434)[0m                                    'over_sample_rate': 0,
[36m(TaskRunner pid=6434)[0m                                    'pipeline_model_parallel_size': 1,
[36m(TaskRunner pid=6434)[0m                                    'profiler': {'_target_': 'verl.utils.profiler.ProfilerConfig',
[36m(TaskRunner pid=6434)[0m                                                 'all_ranks': False,
[36m(TaskRunner pid=6434)[0m                                                 'enable': False,
[36m(TaskRunner pid=6434)[0m                                                 'ranks': [],
[36m(TaskRunner pid=6434)[0m                                                 'save_path': 'outputs/profile',
[36m(TaskRunner pid=6434)[0m                                                 'tool': None,
[36m(TaskRunner pid=6434)[0m                                                 'tool_config': {'npu': {'_target_': 'verl.utils.profiler.config.NPUToolConfig',
[36m(TaskRunner pid=6434)[0m                                                                         'analysis': True,
[36m(TaskRunner pid=6434)[0m                                                                         'contents': [],
[36m(TaskRunner pid=6434)[0m                                                                         'discrete': False,
[36m(TaskRunner pid=6434)[0m                                                                         'level': 'level0'},
[36m(TaskRunner pid=6434)[0m                                                                 'nsys': {'_target_': 'verl.utils.profiler.config.NsightToolConfig',
[36m(TaskRunner pid=6434)[0m                                                                          'discrete': False},
[36m(TaskRunner pid=6434)[0m                                                                 'torch': {'_target_': 'verl.utils.profiler.config.TorchProfilerToolConfig',
[36m(TaskRunner pid=6434)[0m                                                                           'step_end': None,
[36m(TaskRunner pid=6434)[0m                                                                           'step_start': 0},
[36m(TaskRunner pid=6434)[0m                                                                 'torch_memory': {'_target_': 'verl.utils.profiler.config.TorchMemoryToolConfig',
[36m(TaskRunner pid=6434)[0m                                                                                  'stack_depth': 32,
[36m(TaskRunner pid=6434)[0m                                                                                  'trace_alloc_max_entries': 100000}}},
[36m(TaskRunner pid=6434)[0m                                    'prometheus': {'_target_': 'verl.workers.config.PrometheusConfig',
[36m(TaskRunner pid=6434)[0m                                                   'enable': False,
[36m(TaskRunner pid=6434)[0m                                                   'file': '/tmp/ray/session_latest/metrics/prometheus/prometheus.yml',
[36m(TaskRunner pid=6434)[0m                                                   'port': 9090,
[36m(TaskRunner pid=6434)[0m                                                   'served_model_name': '/root/autodl-tmp/models/Qwen3.5-4B'},
[36m(TaskRunner pid=6434)[0m                                    'prompt_length': 8192,
[36m(TaskRunner pid=6434)[0m                                    'quantization': None,
[36m(TaskRunner pid=6434)[0m                                    'quantization_config_file': None,
[36m(TaskRunner pid=6434)[0m                                    'response_length': 1024,
[36m(TaskRunner pid=6434)[0m                                    'scheduling_policy': 'fcfs',
[36m(TaskRunner pid=6434)[0m                                    'skip_dump_dir': '/tmp/rollout_dump',
[36m(TaskRunner pid=6434)[0m                                    'skip_rollout': False,
[36m(TaskRunner pid=6434)[0m                                    'skip_tokenizer_init': True,
[36m(TaskRunner pid=6434)[0m                                    'temperature': 1.0,
[36m(TaskRunner pid=6434)[0m                                    'tensor_model_parallel_size': 1,
[36m(TaskRunner pid=6434)[0m                                    'top_k': -1,
[36m(TaskRunner pid=6434)[0m                                    'top_p': 1.0,
[36m(TaskRunner pid=6434)[0m                                    'trace': {'_target_': 'verl.workers.config.TraceConfig',
[36m(TaskRunner pid=6434)[0m                                              'backend': None,
[36m(TaskRunner pid=6434)[0m                                              'max_samples_per_step_per_worker': None,
[36m(TaskRunner pid=6434)[0m                                              'token2text': False},
[36m(TaskRunner pid=6434)[0m                                    'update_weights_bucket_megabytes': 512,
[36m(TaskRunner pid=6434)[0m                                    'val_kwargs': {'_target_': 'verl.workers.config.SamplingConfig',
[36m(TaskRunner pid=6434)[0m                                                   'do_sample': False,
[36m(TaskRunner pid=6434)[0m                                                   'n': 1,
[36m(TaskRunner pid=6434)[0m                                                   'temperature': 0,
[36m(TaskRunner pid=6434)[0m                                                   'top_k': -1,
[36m(TaskRunner pid=6434)[0m                                                   'top_p': 1.0}}},
[36m(TaskRunner pid=6434)[0m  'algorithm': {'_target_': 'verl.trainer.config.AlgoConfig',
[36m(TaskRunner pid=6434)[0m                'adv_estimator': 'grpo',
[36m(TaskRunner pid=6434)[0m                'gamma': 1.0,
[36m(TaskRunner pid=6434)[0m                'kl_ctrl': {'_target_': 'verl.trainer.config.KLControlConfig',
[36m(TaskRunner pid=6434)[0m                            'horizon': 10000,
[36m(TaskRunner pid=6434)[0m                            'kl_coef': 0.001,
[36m(TaskRunner pid=6434)[0m                            'target_kl': 0.1,
[36m(TaskRunner pid=6434)[0m                            'type': 'fixed'},
[36m(TaskRunner pid=6434)[0m                'kl_penalty': 'kl',
[36m(TaskRunner pid=6434)[0m                'lam': 1.0,
[36m(TaskRunner pid=6434)[0m                'norm_adv_by_std_in_grpo': False,
[36m(TaskRunner pid=6434)[0m                'pf_ppo': {'reweight_method': 'pow', 'weight_pow': 2.0},
[36m(TaskRunner pid=6434)[0m                'rollout_correction': {'bypass_mode': False,
[36m(TaskRunner pid=6434)[0m                                       'loss_type': 'ppo_clip',
[36m(TaskRunner pid=6434)[0m                                       'rollout_is': 'token',
[36m(TaskRunner pid=6434)[0m                                       'rollout_is_batch_normalize': False,
[36m(TaskRunner pid=6434)[0m                                       'rollout_is_threshold': 2.0,
[36m(TaskRunner pid=6434)[0m                                       'rollout_rs': None,
[36m(TaskRunner pid=6434)[0m                                       'rollout_rs_threshold': None},
[36m(TaskRunner pid=6434)[0m                'use_kl_in_reward': False,
[36m(TaskRunner pid=6434)[0m                'use_pf_ppo': False},
[36m(TaskRunner pid=6434)[0m  'critic': {'_target_': 'verl.workers.config.FSDPCriticConfig',
[36m(TaskRunner pid=6434)[0m             'checkpoint': {'_target_': 'verl.trainer.config.CheckpointConfig',
[36m(TaskRunner pid=6434)[0m                            'async_save': False,
[36m(TaskRunner pid=6434)[0m                            'load_contents': ['model', 'optimizer', 'extra'],
[36m(TaskRunner pid=6434)[0m                            'save_contents': ['model', 'optimizer', 'extra']},
[36m(TaskRunner pid=6434)[0m             'cliprange_value': 0.5,
[36m(TaskRunner pid=6434)[0m             'data_loader_seed': 42,
[36m(TaskRunner pid=6434)[0m             'enable': None,
[36m(TaskRunner pid=6434)[0m             'forward_max_token_len_per_gpu': 32768,
[36m(TaskRunner pid=6434)[0m             'forward_micro_batch_size': None,
[36m(TaskRunner pid=6434)[0m             'forward_micro_batch_size_per_gpu': None,
[36m(TaskRunner pid=6434)[0m             'grad_clip': 1.0,
[36m(TaskRunner pid=6434)[0m             'loss_agg_mode': 'token-mean',
[36m(TaskRunner pid=6434)[0m             'model': {'_target_': 'verl.workers.config.FSDPCriticModelCfg',
[36m(TaskRunner pid=6434)[0m                       'enable_activation_offload': False,
[36m(TaskRunner pid=6434)[0m                       'enable_gradient_checkpointing': True,
[36m(TaskRunner pid=6434)[0m                       'external_lib': None,
[36m(TaskRunner pid=6434)[0m                       'fsdp_config': {'_target_': 'verl.workers.config.FSDPEngineConfig',
[36m(TaskRunner pid=6434)[0m                                       'dtype': 'bfloat16',
[36m(TaskRunner pid=6434)[0m                                       'entropy_checkpointing': False,
[36m(TaskRunner pid=6434)[0m                                       'entropy_from_logits_with_chunking': False,
[36m(TaskRunner pid=6434)[0m                                       'forward_only': False,
[36m(TaskRunner pid=6434)[0m                                       'forward_prefetch': False,
[36m(TaskRunner pid=6434)[0m                                       'fsdp_size': -1,
[36m(TaskRunner pid=6434)[0m                                       'full_determinism': False,
[36m(TaskRunner pid=6434)[0m                                       'model_dtype': 'fp32',
[36m(TaskRunner pid=6434)[0m                                       'offload_policy': False,
[36m(TaskRunner pid=6434)[0m                                       'optimizer_offload': False,
[36m(TaskRunner pid=6434)[0m                                       'param_offload': False,
[36m(TaskRunner pid=6434)[0m                                       'reshard_after_forward': True,
[36m(TaskRunner pid=6434)[0m                                       'seed': 42,
[36m(TaskRunner pid=6434)[0m                                       'strategy': 'fsdp',
[36m(TaskRunner pid=6434)[0m                                       'ulysses_sequence_parallel_size': 1,
[36m(TaskRunner pid=6434)[0m                                       'use_orig_params': False,
[36m(TaskRunner pid=6434)[0m                                       'use_torch_compile': True,
[36m(TaskRunner pid=6434)[0m                                       'wrap_policy': {'min_num_params': 0}},
[36m(TaskRunner pid=6434)[0m                       'lora_alpha': 16,
[36m(TaskRunner pid=6434)[0m                       'lora_rank': 0,
[36m(TaskRunner pid=6434)[0m                       'override_config': {},
[36m(TaskRunner pid=6434)[0m                       'path': '/root/autodl-tmp/models/Qwen3.5-4B',
[36m(TaskRunner pid=6434)[0m                       'target_modules': 'all-linear',
[36m(TaskRunner pid=6434)[0m                       'tiled_mlp': {'enabled': False, 'num_shards': 4},
[36m(TaskRunner pid=6434)[0m                       'tokenizer_path': '/root/autodl-tmp/models/Qwen3.5-4B',
[36m(TaskRunner pid=6434)[0m                       'trust_remote_code': True,
[36m(TaskRunner pid=6434)[0m                       'use_remove_padding': False,
[36m(TaskRunner pid=6434)[0m                       'use_shm': False},
[36m(TaskRunner pid=6434)[0m             'optim': {'_target_': 'verl.workers.config.FSDPOptimizerConfig',
[36m(TaskRunner pid=6434)[0m                       'betas': [0.9, 0.999],
[36m(TaskRunner pid=6434)[0m                       'clip_grad': 1.0,
[36m(TaskRunner pid=6434)[0m                       'lr': 1e-05,
[36m(TaskRunner pid=6434)[0m                       'lr_scheduler_type': 'constant',
[36m(TaskRunner pid=6434)[0m                       'lr_warmup_steps': -1,
[36m(TaskRunner pid=6434)[0m                       'lr_warmup_steps_ratio': 0.0,
[36m(TaskRunner pid=6434)[0m                       'min_lr_ratio': 0.0,
[36m(TaskRunner pid=6434)[0m                       'num_cycles': 0.5,
[36m(TaskRunner pid=6434)[0m                       'optimizer': 'AdamW',
[36m(TaskRunner pid=6434)[0m                       'optimizer_impl': 'torch.optim',
[36m(TaskRunner pid=6434)[0m                       'override_optimizer_config': None,
[36m(TaskRunner pid=6434)[0m                       'total_training_steps': -1,
[36m(TaskRunner pid=6434)[0m                       'warmup_style': None,
[36m(TaskRunner pid=6434)[0m                       'weight_decay': 0.01},
[36m(TaskRunner pid=6434)[0m             'ppo_epochs': 1,
[36m(TaskRunner pid=6434)[0m             'ppo_max_token_len_per_gpu': 32768,
[36m(TaskRunner pid=6434)[0m             'ppo_micro_batch_size': None,
[36m(TaskRunner pid=6434)[0m             'ppo_micro_batch_size_per_gpu': None,
[36m(TaskRunner pid=6434)[0m             'ppo_mini_batch_size': 8,
[36m(TaskRunner pid=6434)[0m             'profiler': {'_target_': 'verl.utils.profiler.ProfilerConfig',
[36m(TaskRunner pid=6434)[0m                          'all_ranks': False,
[36m(TaskRunner pid=6434)[0m                          'enable': False,
[36m(TaskRunner pid=6434)[0m                          'ranks': [],
[36m(TaskRunner pid=6434)[0m                          'save_path': 'outputs/profile',
[36m(TaskRunner pid=6434)[0m                          'tool': None,
[36m(TaskRunner pid=6434)[0m                          'tool_config': {'npu': {'_target_': 'verl.utils.profiler.config.NPUToolConfig',
[36m(TaskRunner pid=6434)[0m                                                  'analysis': True,
[36m(TaskRunner pid=6434)[0m                                                  'contents': [],
[36m(TaskRunner pid=6434)[0m                                                  'discrete': False,
[36m(TaskRunner pid=6434)[0m                                                  'level': 'level0'},
[36m(TaskRunner pid=6434)[0m                                          'nsys': {'_target_': 'verl.utils.profiler.config.NsightToolConfig',
[36m(TaskRunner pid=6434)[0m                                                   'discrete': False},
[36m(TaskRunner pid=6434)[0m                                          'torch': {'_target_': 'verl.utils.profiler.config.TorchProfilerToolConfig',
[36m(TaskRunner pid=6434)[0m                                                    'step_end': None,
[36m(TaskRunner pid=6434)[0m                                                    'step_start': 0},
[36m(TaskRunner pid=6434)[0m                                          'torch_memory': {'_target_': 'verl.utils.profiler.config.TorchMemoryToolConfig',
[36m(TaskRunner pid=6434)[0m                                                           'stack_depth': 32,
[36m(TaskRunner pid=6434)[0m                                                           'trace_alloc_max_entries': 100000}}},
[36m(TaskRunner pid=6434)[0m             'rollout_n': 1,
[36m(TaskRunner pid=6434)[0m             'shuffle': False,
[36m(TaskRunner pid=6434)[0m             'strategy': 'fsdp',
[36m(TaskRunner pid=6434)[0m             'ulysses_sequence_parallel_size': 1,
[36m(TaskRunner pid=6434)[0m             'use_dynamic_bsz': True},
[36m(TaskRunner pid=6434)[0m  'custom_reward_function': {'name': 'compute_score', 'path': None},
[36m(TaskRunner pid=6434)[0m  'data': {'apply_chat_template_kwargs': {},
[36m(TaskRunner pid=6434)[0m           'custom_cls': {'name': None, 'path': None},
[36m(TaskRunner pid=6434)[0m           'datagen': {'name': None, 'path': None},
[36m(TaskRunner pid=6434)[0m           'dataloader_num_workers': 0,
[36m(TaskRunner pid=6434)[0m           'filter_overlong_prompts': False,
[36m(TaskRunner pid=6434)[0m           'filter_overlong_prompts_workers': 1,
[36m(TaskRunner pid=6434)[0m           'full_coverage_padding': {'enabled': False,
[36m(TaskRunner pid=6434)[0m                                     'expected_padding_rows': 0,
[36m(TaskRunner pid=6434)[0m                                     'expected_unique_samples': 16,
[36m(TaskRunner pid=6434)[0m                                     'multiple': 8,
[36m(TaskRunner pid=6434)[0m                                     'padding_source_index': 0,
[36m(TaskRunner pid=6434)[0m                                     'receipt_path': '/root/autodl-tmp/Vision-OPD-main/artifacts/runs/E-D11-6K-GATE-001/pilot/16/evidence/full_coverage_receipt.json'},
[36m(TaskRunner pid=6434)[0m           'image_key': 'images',
[36m(TaskRunner pid=6434)[0m           'image_patch_size': 14,
[36m(TaskRunner pid=6434)[0m           'max_prompt_length': 8192,
[36m(TaskRunner pid=6434)[0m           'max_response_length': 1024,
[36m(TaskRunner pid=6434)[0m           'prompt_key': 'prompt',
[36m(TaskRunner pid=6434)[0m           'return_full_prompt': False,
[36m(TaskRunner pid=6434)[0m           'return_multi_modal_inputs': True,
[36m(TaskRunner pid=6434)[0m           'return_raw_chat': True,
[36m(TaskRunner pid=6434)[0m           'return_raw_input_ids': False,
[36m(TaskRunner pid=6434)[0m           'reward_fn_key': 'data_source',
[36m(TaskRunner pid=6434)[0m           'sampler': {'class_name': None, 'class_path': None},
[36m(TaskRunner pid=6434)[0m           'seed': 42,
[36m(TaskRunner pid=6434)[0m           'shuffle': False,
[36m(TaskRunner pid=6434)[0m           'tokenizer': None,
[36m(TaskRunner pid=6434)[0m           'tool_config_path': None,
[36m(TaskRunner pid=6434)[0m           'train_batch_size': 8,
[36m(TaskRunner pid=6434)[0m           'train_files': ['/root/autodl-tmp/data/vision_opd_6241/pilot/train_pilot_16.parquet'],
[36m(TaskRunner pid=6434)[0m           'train_max_samples': -1,
[36m(TaskRunner pid=6434)[0m           'truncation': 'error',
[36m(TaskRunner pid=6434)[0m           'trust_remote_code': True,
[36m(TaskRunner pid=6434)[0m           'use_shm': False,
[36m(TaskRunner pid=6434)[0m           'val_batch_size': None,
[36m(TaskRunner pid=6434)[0m           'val_files': [],
[36m(TaskRunner pid=6434)[0m           'val_max_samples': -1,
[36m(TaskRunner pid=6434)[0m           'validation_shuffle': False,
[36m(TaskRunner pid=6434)[0m           'video_key': 'videos'},
[36m(TaskRunner pid=6434)[0m  'global_profiler': {'_target_': 'verl.utils.profiler.ProfilerConfig',
[36m(TaskRunner pid=6434)[0m                      'global_tool_config': {'nsys': {'_target_': 'verl.utils.profiler.config.NsightToolConfig',
[36m(TaskRunner pid=6434)[0m                                                      'controller_nsight_options': {'cuda-graph-trace': 'graph',
[36m(TaskRunner pid=6434)[0m                                                                                    'cuda-memory-usage': 'true',
[36m(TaskRunner pid=6434)[0m                                                                                    'trace': 'cuda,nvtx,cublas,ucx'},
[36m(TaskRunner pid=6434)[0m                                                      'discrete': False,
[36m(TaskRunner pid=6434)[0m                                                      'worker_nsight_options': {'capture-range': 'cudaProfilerApi',
[36m(TaskRunner pid=6434)[0m                                                                                'capture-range-end': None,
[36m(TaskRunner pid=6434)[0m                                                                                'cuda-graph-trace': 'graph',
[36m(TaskRunner pid=6434)[0m                                                                                'cuda-memory-usage': 'true',
[36m(TaskRunner pid=6434)[0m                                                                                'kill': 'none',
[36m(TaskRunner pid=6434)[0m                                                                                'trace': 'cuda,nvtx,cublas,ucx'}},
[36m(TaskRunner pid=6434)[0m                                             'torch_memory': {'context': 'all',
[36m(TaskRunner pid=6434)[0m                                                              'kw_args': {},
[36m(TaskRunner pid=6434)[0m                                                              'stack_depth': 32,
[36m(TaskRunner pid=6434)[0m                                                              'stacks': 'all',
[36m(TaskRunner pid=6434)[0m                                                              'trace_alloc_max_entries': 100000}},
[36m(TaskRunner pid=6434)[0m                      'profile_continuous_steps': False,
[36m(TaskRunner pid=6434)[0m                      'save_path': 'outputs/profile',
[36m(TaskRunner pid=6434)[0m                      'steps': None,
[36m(TaskRunner pid=6434)[0m                      'tool': None},
[36m(TaskRunner pid=6434)[0m  'max_model_len': 18944,
[36m(TaskRunner pid=6434)[0m  'ray_kwargs': {'ray_init': {'num_cpus': None}, 'timeline_json_file': None},
[36m(TaskRunner pid=6434)[0m  'reward_manager': {'_target_': 'verl.trainer.config.config.RewardManagerConfig',
[36m(TaskRunner pid=6434)[0m                     'module': {'_target_': 'verl.trainer.config.config.ModuleConfig',
[36m(TaskRunner pid=6434)[0m                                'name': 'custom_reward_manager',
[36m(TaskRunner pid=6434)[0m                                'path': None},
[36m(TaskRunner pid=6434)[0m                     'name': 'naive',
[36m(TaskRunner pid=6434)[0m                     'source': 'register'},
[36m(TaskRunner pid=6434)[0m  'reward_model': {'enable': False,
[36m(TaskRunner pid=6434)[0m                   'enable_resource_pool': False,
[36m(TaskRunner pid=6434)[0m                   'forward_max_token_len_per_gpu': 32768,
[36m(TaskRunner pid=6434)[0m                   'launch_reward_fn_async': False,
[36m(TaskRunner pid=6434)[0m                   'max_length': None,
[36m(TaskRunner pid=6434)[0m                   'micro_batch_size': None,
[36m(TaskRunner pid=6434)[0m                   'micro_batch_size_per_gpu': None,
[36m(TaskRunner pid=6434)[0m                   'model': {'external_lib': None,
[36m(TaskRunner pid=6434)[0m                             'fsdp_config': {'_target_': 'verl.workers.config.FSDPEngineConfig',
[36m(TaskRunner pid=6434)[0m                                             'forward_prefetch': False,
[36m(TaskRunner pid=6434)[0m                                             'fsdp_size': -1,
[36m(TaskRunner pid=6434)[0m                                             'param_offload': False,
[36m(TaskRunner pid=6434)[0m                                             'reshard_after_forward': True,
[36m(TaskRunner pid=6434)[0m                                             'wrap_policy': {'min_num_params': 0}},
[36m(TaskRunner pid=6434)[0m                             'input_tokenizer': '/root/autodl-tmp/models/Qwen3.5-4B',
[36m(TaskRunner pid=6434)[0m                             'override_config': {},
[36m(TaskRunner pid=6434)[0m                             'path': '~/models/FsfairX-LLaMA3-RM-v0.1',
[36m(TaskRunner pid=6434)[0m                             'trust_remote_code': False,
[36m(TaskRunner pid=6434)[0m                             'use_fused_kernels': False,
[36m(TaskRunner pid=6434)[0m                             'use_remove_padding': False,
[36m(TaskRunner pid=6434)[0m                             'use_shm': False},
[36m(TaskRunner pid=6434)[0m                   'n_gpus_per_node': 8,
[36m(TaskRunner pid=6434)[0m                   'nnodes': 0,
[36m(TaskRunner pid=6434)[0m                   'num_workers': 1,
[36m(TaskRunner pid=6434)[0m                   'profiler': {'_target_': 'verl.utils.profiler.ProfilerConfig',
[36m(TaskRunner pid=6434)[0m                                'all_ranks': False,
[36m(TaskRunner pid=6434)[0m                                'enable': False,
[36m(TaskRunner pid=6434)[0m                                'ranks': [],
[36m(TaskRunner pid=6434)[0m                                'save_path': 'outputs/profile',
[36m(TaskRunner pid=6434)[0m                                'tool': None,
[36m(TaskRunner pid=6434)[0m                                'tool_config': {'npu': {'_target_': 'verl.utils.profiler.config.NPUToolConfig',
[36m(TaskRunner pid=6434)[0m                                                        'analysis': True,
[36m(TaskRunner pid=6434)[0m                                                        'contents': [],
[36m(TaskRunner pid=6434)[0m                                                        'discrete': False,
[36m(TaskRunner pid=6434)[0m                                                        'level': 'level0'},
[36m(TaskRunner pid=6434)[0m                                                'nsys': {'_target_': 'verl.utils.profiler.config.NsightToolConfig',
[36m(TaskRunner pid=6434)[0m                                                         'discrete': False},
[36m(TaskRunner pid=6434)[0m                                                'torch': {'_target_': 'verl.utils.profiler.config.TorchProfilerToolConfig',
[36m(TaskRunner pid=6434)[0m                                                          'step_end': None,
[36m(TaskRunner pid=6434)[0m                                                          'step_start': 0},
[36m(TaskRunner pid=6434)[0m                                                'torch_memory': {'_target_': 'verl.utils.profiler.config.TorchMemoryToolConfig',
[36m(TaskRunner pid=6434)[0m                                                                 'stack_depth': 32,
[36m(TaskRunner pid=6434)[0m                                                                 'trace_alloc_max_entries': 100000}}},
[36m(TaskRunner pid=6434)[0m                   'reward_loop_class_name': None,
[36m(TaskRunner pid=6434)[0m                   'reward_loop_module_path': None,
[36m(TaskRunner pid=6434)[0m                   'reward_loop_source': 'register',
[36m(TaskRunner pid=6434)[0m                   'reward_manager': 'naive',
[36m(TaskRunner pid=6434)[0m                   'rollout': {'_target_': 'verl.workers.config.RolloutConfig',
[36m(TaskRunner pid=6434)[0m                               'cudagraph_capture_sizes': None,
[36m(TaskRunner pid=6434)[0m                               'data_parallel_size': 1,
[36m(TaskRunner pid=6434)[0m                               'disable_log_stats': True,
[36m(TaskRunner pid=6434)[0m                               'dtype': 'bfloat16',
[36m(TaskRunner pid=6434)[0m                               'enable_chunked_prefill': True,
[36m(TaskRunner pid=6434)[0m                               'enable_prefix_caching': True,
[36m(TaskRunner pid=6434)[0m                               'enforce_eager': True,
[36m(TaskRunner pid=6434)[0m                               'engine_kwargs': {},
[36m(TaskRunner pid=6434)[0m                               'expert_parallel_size': 1,
[36m(TaskRunner pid=6434)[0m                               'free_cache_engine': True,
[36m(TaskRunner pid=6434)[0m                               'gpu_memory_utilization': 0.5,
[36m(TaskRunner pid=6434)[0m                               'limit_images': None,
[36m(TaskRunner pid=6434)[0m                               'load_format': 'auto',
[36m(TaskRunner pid=6434)[0m                               'max_model_len': None,
[36m(TaskRunner pid=6434)[0m                               'max_num_batched_tokens': 8192,
[36m(TaskRunner pid=6434)[0m                               'max_num_seqs': 1024,
[36m(TaskRunner pid=6434)[0m                               'name': '???',
[36m(TaskRunner pid=6434)[0m                               'prompt_length': 2048,
[36m(TaskRunner pid=6434)[0m                               'response_length': 2048,
[36m(TaskRunner pid=6434)[0m                               'skip_tokenizer_init': False,
[36m(TaskRunner pid=6434)[0m                               'tensor_model_parallel_size': 2},
[36m(TaskRunner pid=6434)[0m                   'sandbox_fusion': {'max_concurrent': 64,
[36m(TaskRunner pid=6434)[0m                                      'memory_limit_mb': 1024,
[36m(TaskRunner pid=6434)[0m                                      'url': None},
[36m(TaskRunner pid=6434)[0m                   'strategy': 'fsdp',
[36m(TaskRunner pid=6434)[0m                   'ulysses_sequence_parallel_size': 1,
[36m(TaskRunner pid=6434)[0m                   'use_dynamic_bsz': True,
[36m(TaskRunner pid=6434)[0m                   'use_reward_loop': False},
[36m(TaskRunner pid=6434)[0m  'trainer': {'balance_batch': True,
[36m(TaskRunner pid=6434)[0m              'critic_warmup': 0,
[36m(TaskRunner pid=6434)[0m              'default_hdfs_dir': None,
[36m(TaskRunner pid=6434)[0m              'default_local_dir': '/root/autodl-tmp/Vision-OPD-main/artifacts/runs/E-D11-6K-GATE-001/pilot/16/checkpoints',
[36m(TaskRunner pid=6434)[0m              'del_local_ckpt_after_load': False,
[36m(TaskRunner pid=6434)[0m              'device': 'cuda',
[36m(TaskRunner pid=6434)[0m              'esi_redundant_time': 0,
[36m(TaskRunner pid=6434)[0m              'experiment_name': 'E-D11-6K-VOPD-PILOT-016',
[36m(TaskRunner pid=6434)[0m              'group_name': 'E-D11-6K-VOPD-PILOT',
[36m(TaskRunner pid=6434)[0m              'log_val_generations': 0,
[36m(TaskRunner pid=6434)[0m              'logger': ['console', 'tensorboard'],
[36m(TaskRunner pid=6434)[0m              'max_actor_ckpt_to_keep': 1,
[36m(TaskRunner pid=6434)[0m              'max_critic_ckpt_to_keep': None,
[36m(TaskRunner pid=6434)[0m              'n_gpus_per_node': 2,
[36m(TaskRunner pid=6434)[0m              'nnodes': 1,
[36m(TaskRunner pid=6434)[0m              'project_name': 'Vision-OPD',
[36m(TaskRunner pid=6434)[0m              'ray_wait_register_center_timeout': 300,
[36m(TaskRunner pid=6434)[0m              'resume_from_path': None,
[36m(TaskRunner pid=6434)[0m              'resume_mode': 'disable',
[36m(TaskRunner pid=6434)[0m              'rollout_data_dir': '/root/autodl-tmp/Vision-OPD-main/artifacts/runs/E-D11-6K-GATE-001/pilot/16/rollouts',
[36m(TaskRunner pid=6434)[0m              'save_freq': -1,
[36m(TaskRunner pid=6434)[0m              'test_freq': -1,
[36m(TaskRunner pid=6434)[0m              'total_epochs': 1,
[36m(TaskRunner pid=6434)[0m              'total_training_steps': 2,
[36m(TaskRunner pid=6434)[0m              'use_legacy_worker_impl': 'auto',
[36m(TaskRunner pid=6434)[0m              'val_before_train': False,
[36m(TaskRunner pid=6434)[0m              'val_only': False,
[36m(TaskRunner pid=6434)[0m              'validation_data_dir': None},
[36m(TaskRunner pid=6434)[0m  'transfer_queue': {'enable': False},
[36m(TaskRunner pid=6434)[0m  'vars': {'ckpt_dir': './checkpoints', 'dir': './data', 'log_dir': './output'}}[36m(TaskRunner pid=6434)[0m /root/autodl-tmp/Vision-OPD-main/verl/trainer/main_ppo.py:315: UserWarning: Disabled critic as algorithm.adv_estimator != gae. If it is not intended, please set critic.enable=True
[36m(TaskRunner pid=6434)[0m   use_critic=need_critic(config),
[36m(TaskRunner pid=6434)[0m /root/autodl-tmp/Vision-OPD-main/verl/utils/profiler/config.py:52: UserWarning: Torch profiler tool config is not fully supported now.
[36m(TaskRunner pid=6434)[0m   warnings.warn("Torch profiler tool config is not fully supported now.", stacklevel=1)
[36m(TaskRunner pid=6434)[0m The `use_fast` parameter is deprecated and will be removed in a future version. Use `backend="torchvision"` instead of `use_fast=True`, or `backend="pil"` instead of `use_fast=False`.
[36m(TaskRunner pid=6434)[0m /root/autodl-tmp/Vision-OPD-main/verl/trainer/ppo/ray_trainer.py:384: UserWarning: Disabled critic as algorithm.adv_estimator != gae. If it is not intended, please set critic.enable=True
[36m(TaskRunner pid=6434)[0m   self.use_critic = need_critic(self.config)
[36m(WorkerDict pid=6830)[0m Flash Attention 2 only supports torch.float16 and torch.bfloat16 dtypes, but the current dype in Qwen3_5ForConditionalGeneration is torch.float32. You should run training or inference using Automatic Mixed-Precision via the `with torch.autocast(device_type='torch_device'):` decorator, or load the model with the `dtype` argument. Example: `model = AutoModel.from_pretrained("meta-llama/Llama-3.2-1B", attn_implementation="flash_attention_2", dtype=torch.float16)`
[36m(WorkerDict pid=6830)[0m Flash Attention 2 only supports torch.float16 and torch.bfloat16 dtypes, but the current dype in Qwen3_5Model is torch.float32. You should run training or inference using Automatic Mixed-Precision via the `with torch.autocast(device_type='torch_device'):` decorator, or load the model with the `dtype` argument. Example: `model = AutoModel.from_pretrained("meta-llama/Llama-3.2-1B", attn_implementation="flash_attention_2", dtype=torch.float16)`
[36m(WorkerDict pid=6830)[0m Flash Attention 2 only supports torch.float16 and torch.bfloat16 dtypes, but the current dype in Qwen3_5VisionModel is torch.float32. You should run training or inference using Automatic Mixed-Precision via the `with torch.autocast(device_type='torch_device'):` decorator, or load the model with the `dtype` argument. Example: `model = AutoModel.from_pretrained("meta-llama/Llama-3.2-1B", attn_implementation="flash_attention_2", dtype=torch.float16)`
[36m(WorkerDict pid=6830)[0m Flash Attention 2 only supports torch.float16 and torch.bfloat16 dtypes, but the current dype in Qwen3_5TextModel is torch.float32. You should run training or inference using Automatic Mixed-Precision via the `with torch.autocast(device_type='torch_device'):` decorator, or load the model with the `dtype` argument. Example: `model = AutoModel.from_pretrained("meta-llama/Llama-3.2-1B", attn_implementation="flash_attention_2", dtype=torch.float16)`
[36m(WorkerDict pid=6830)[0m Loading weights:   0%|          | 0/723 [00:00<?, ?it/s]
[36m(WorkerDict pid=6830)[0m Loading weights:   0%|          | 1/723 [00:01<12:37,  1.05s/it]
[36m(WorkerDict pid=6830)[0m Loading weights: 100%|██████████| 723/723 [00:02<00:00, 350.31it/s]

[36m(TaskRunner pid=6434)[0m [validate_config] All configuration checks passed successfully!
[36m(TaskRunner pid=6434)[0m Using dataset class: RLHFDataset
[36m(TaskRunner pid=6434)[0m dataset len: 16
[36m(TaskRunner pid=6434)[0m Size of train dataloader: 2, Size of val dataloader: 0
[36m(TaskRunner pid=6434)[0m Total training steps: 2
[36m(TaskRunner pid=6434)[0m colocated worker base class <class 'verl.single_controller.base.worker.Worker'>
[36m(TaskRunner pid=6434)[0m bind role actor_rollout_ref method chat_completion to class <class 'verl.single_controller.ray.base.create_colocated_worker_cls.<locals>.WorkerDict'>
[36m(TaskRunner pid=6434)[0m bind role actor_rollout_ref method generate to class <class 'verl.single_controller.ray.base.create_colocated_worker_cls.<locals>.WorkerDict'>
[36m(TaskRunner pid=6434)[0m bind role actor_rollout_ref method get_zeromq_address to class <class 'verl.single_controller.ray.base.create_colocated_worker_cls.<locals>.WorkerDict'>
[36m(TaskRunner pid=6434)[0m bind role actor_rollout_ref method sleep to class <class 'verl.single_controller.ray.base.create_colocated_worker_cls.<locals>.WorkerDict'>
[36m(TaskRunner pid=6434)[0m bind role actor_rollout_ref method wake_up to class <class 'verl.single_controller.ray.base.create_colocated_worker_cls.<locals>.WorkerDict'>
[36m(WorkerDict pid=6830)[0m [Gloo] Rank 0 is connected to 1 peer ranks. Expected number of connected peer ranks is : 1
[36m(WorkerDict pid=6830)[0m Model config after override: Qwen3_5Config {
[36m(WorkerDict pid=6830)[0m   "architectures": [
[36m(WorkerDict pid=6830)[0m     "Qwen3_5ForConditionalGeneration"
[36m(WorkerDict pid=6830)[0m   ],
[36m(WorkerDict pid=6830)[0m   "bos_token_id": null,
[36m(WorkerDict pid=6830)[0m   "eos_token_id": 248046,
[36m(WorkerDict pid=6830)[0m   "image_token_id": 248056,
[36m(WorkerDict pid=6830)[0m   "model_type": "qwen3_5",
[36m(WorkerDict pid=6830)[0m   "pad_token_id": 248044,
[36m(WorkerDict pid=6830)[0m   "text_config": {
[36m(WorkerDict pid=6830)[0m     "attention_bias": false,
[36m(WorkerDict pid=6830)[0m     "attention_dropout": 0.0,
[36m(WorkerDict pid=6830)[0m     "attn_output_gate": true,
[36m(WorkerDict pid=6830)[0m     "bos_token_id": null,
[36m(WorkerDict pid=6830)[0m     "dtype": "bfloat16",
[36m(WorkerDict pid=6830)[0m     "eos_token_id": 248044,
[36m(WorkerDict pid=6830)[0m     "full_attention_interval": 4,
[36m(WorkerDict pid=6830)[0m     "head_dim": 256,
[36m(WorkerDict pid=6830)[0m     "hidden_act": "silu",
[36m(WorkerDict pid=6830)[0m     "hidden_size": 2560,
[36m(WorkerDict pid=6830)[0m     "initializer_range": 0.02,
[36m(WorkerDict pid=6830)[0m     "intermediate_size": 9216,
[36m(WorkerDict pid=6830)[0m     "layer_types": [
[36m(WorkerDict pid=6830)[0m       "linear_attention",
[36m(WorkerDict pid=6830)[0m       "linear_attention",
[36m(WorkerDict pid=6830)[0m       "linear_attention",
[36m(WorkerDict pid=6830)[0m       "full_attention",
[36m(WorkerDict pid=6830)[0m       "linear_attention",
[36m(WorkerDict pid=6830)[0m       "linear_attention",
[36m(WorkerDict pid=6830)[0m       "linear_attention",
[36m(WorkerDict pid=6830)[0m       "full_attention",
[36m(WorkerDict pid=6830)[0m       "linear_attention",
[36m(WorkerDict pid=6830)[0m       "linear_attention",
[36m(WorkerDict pid=6830)[0m       "linear_attention",
[36m(WorkerDict pid=6830)[0m       "full_attention",
[36m(WorkerDict pid=6830)[0m       "linear_attention",
[36m(WorkerDict pid=6830)[0m       "linear_attention",
[36m(WorkerDict pid=6830)[0m       "linear_attention",
[36m(WorkerDict pid=6830)[0m       "full_attention",
[36m(WorkerDict pid=6830)[0m       "linear_attention",
[36m(WorkerDict pid=6830)[0m       "linear_attention",
[36m(WorkerDict pid=6830)[0m       "linear_attention",
[36m(WorkerDict pid=6830)[0m       "full_attention",
[36m(WorkerDict pid=6830)[0m       "linear_attention",
[36m(WorkerDict pid=6830)[0m       "linear_attention",
[36m(WorkerDict pid=6830)[0m       "linear_attention",
[36m(WorkerDict pid=6830)[0m       "full_attention",
[36m(WorkerDict pid=6830)[0m       "linear_attention",
[36m(WorkerDict pid=6830)[0m       "linear_attention",
[36m(WorkerDict pid=6830)[0m       "linear_attention",
[36m(WorkerDict pid=6830)[0m       "full_attention",
[36m(WorkerDict pid=6830)[0m       "linear_attention",
[36m(WorkerDict pid=6830)[0m       "linear_attention",
[36m(WorkerDict pid=6830)[0m       "linear_attention",
[36m(WorkerDict pid=6830)[0m       "full_attention"
[36m(WorkerDict pid=6830)[0m     ],
[36m(WorkerDict pid=6830)[0m     "linear_conv_kernel_dim": 4,
[36m(WorkerDict pid=6830)[0m     "linear_key_head_dim": 128,
[36m(WorkerDict pid=6830)[0m     "linear_num_key_heads": 16,
[36m(WorkerDict pid=6830)[0m     "linear_num_value_heads": 32,
[36m(WorkerDict pid=6830)[0m     "linear_value_head_dim": 128,
[36m(WorkerDict pid=6830)[0m     "mamba_ssm_dtype": "float32",
[36m(WorkerDict pid=6830)[0m     "max_position_embeddings": 262144,
[36m(WorkerDict pid=6830)[0m     "mlp_only_layers": [],
[36m(WorkerDict pid=6830)[0m     "model_type": "qwen3_5_text",
[36m(WorkerDict pid=6830)[0m     "mtp_num_hidden_layers": 1,
[36m(WorkerDict pid=6830)[0m     "mtp_use_dedicated_embeddings": false,
[36m(WorkerDict pid=6830)[0m     "num_attention_heads": 16,
[36m(WorkerDict pid=6830)[0m     "num_hidden_layers": 32,
[36m(WorkerDict pid=6830)[0m     "num_key_value_heads": 4,
[36m(WorkerDict pid=6830)[0m     "pad_token_id": null,
[36m(WorkerDict pid=6830)[0m     "partial_rotary_factor": 0.25,
[36m(WorkerDict pid=6830)[0m     "rms_norm_eps": 1e-06,
[36m(WorkerDict pid=6830)[0m     "rope_parameters": {
[36m(WorkerDict pid=6830)[0m       "mrope_interleaved": true,
[36m(WorkerDict pid=6830)[0m       "mrope_section": [
[36m(WorkerDict pid=6830)[0m         11,
[36m(WorkerDict pid=6830)[0m         11,
[36m(WorkerDict pid=6830)[0m         10
[36m(WorkerDict pid=6830)[0m       ],
[36m(WorkerDict pid=6830)[0m       "partial_rotary_factor": 0.25,
[36m(WorkerDict pid=6830)[0m       "rope_theta": 10000000,
[36m(WorkerDict pid=6830)[0m       "rope_type": "default"
[36m(WorkerDict pid=6830)[0m     },
[36m(WorkerDict pid=6830)[0m     "tie_word_embeddings": true,
[36m(WorkerDict pid=6830)[0m     "use_cache": true,
[36m(WorkerDict pid=6830)[0m     "vocab_size": 248320
[36m(WorkerDict pid=6830)[0m   },
[36m(WorkerDict pid=6830)[0m   "tie_word_embeddings": true,
[36m(WorkerDict pid=6830)[0m   "transformers_version": "5.5.0",
[36m(WorkerDict pid=6830)[0m   "video_token_id": 248057,
[36m(WorkerDict pid=6830)[0m   "vision_config": {
[36m(WorkerDict pid=6830)[0m     "deepstack_visual_indexes": [],
[36m(WorkerDict pid=6830)[0m     "depth": 24,
[36m(WorkerDict pid=6830)[0m     "hidden_act": "gelu_pytorch_tanh",
[36m(WorkerDict pid=6830)[0m     "hidden_size": 1024,
[36m(WorkerDict pid=6830)[0m     "in_channels": 3,
[36m(WorkerDict pid=6830)[0m     "initializer_range": 0.02,
[36m(WorkerDict pid=6830)[0m     "intermediate_size": 4096,
[36m(WorkerDict pid=6830)[0m     "model_type": "qwen3_5",
[36m(WorkerDict pid=6830)[0m     "num_heads": 16,
[36m(WorkerDict pid=6830)[0m     "num_position_embeddings": 2304,
[36m(WorkerDict pid=6830)[0m     "out_hidden_size": 2560,
[36m(WorkerDict pid=6830)[0m     "patch_size": 16,
[36m(WorkerDict pid=6830)[0m     "spatial_merge_size": 2,
[36m(WorkerDict pid=6830)[0m     "temporal_patch_size": 2
[36m(WorkerDict pid=6830)[0m   },
[36m(WorkerDict pid=6830)[0m   "vision_end_token_id": 248054,
[36m(WorkerDict pid=6830)[0m   "vision_start_token_id": 248053
[36m(WorkerDict pid=6830)[0m }
[36m(WorkerDict pid=6830)[0m 
[36m(WorkerDict pid=6831)[0m Monkey patch Qwen3_5ForConditionalGeneration model forward
[36m(WorkerDict pid=6831)[0m Monkey patch _flash_attention_forward in transformers.integrations.flash_attention
[36m(WorkerDict pid=6831)[0m Skipping monkey patch for Qwen3_5ForConditionalGeneration as use_fused_kernels is False or fused_kernels_backend is torch
[36m(WorkerDict pid=6831)[0m [Gloo] Rank 1 is connected to 1 peer ranks. Expected number of connected peer ranks is : 1[36m(WorkerDict pid=6830)[0m /root/autodl-tmp/Vision-OPD-main/verl/utils/profiler/config.py:52: UserWarning: Torch profiler tool config is not fully supported now.
[36m(WorkerDict pid=6830)[0m   warnings.warn("Torch profiler tool config is not fully supported now.", stacklevel=1)
[36m(WorkerDict pid=6831)[0m Flash Attention 2 only supports torch.float16 and torch.bfloat16 dtypes, but the current dype in Qwen3_5TextModel is torch.float32. You should run training or inference using Automatic Mixed-Precision via the `with torch.autocast(device_type='torch_device'):` decorator, or load the model with the `dtype` argument. Example: `model = AutoModel.from_pretrained("meta-llama/Llama-3.2-1B", attn_implementation="flash_attention_2", dtype=torch.float16)`[32m [repeated 4x across cluster] (Ray deduplicates logs by default. Set RAY_DEDUP_LOGS=0 to disable log deduplication, or see https://docs.ray.io/en/master/ray-observability/user-guides/configure-logging.html#log-deduplication for more options.)[0m
[36m(WorkerDict pid=6831)[0m Loading weights:   0%|          | 0/723 [00:00<?, ?it/s]
[36m(WorkerDict pid=6831)[0m Loading weights:  90%|████████▉ | 648/723 [00:02<00:00, 502.27it/s][32m [repeated 9x across cluster][0m
[36m(WorkerDict pid=6831)[0m Loading weights: 100%|██████████| 723/723 [00:02<00:00, 349.78it/s]
[36m(WorkerDict pid=6831)[0m /root/autodl-tmp/Vision-OPD-main/verl/workers/fsdp_workers.py:666: FutureWarning: FSDP.state_dict_type() and FSDP.set_state_dict_type() are being deprecated. Please use APIs, get_state_dict() and set_state_dict(), which can support different parallelisms, FSDP1, FSDP2, DDP. API doc: https://pytorch.org/docs/stable/distributed.checkpoint.html#torch.distributed.checkpoint.state_dict.get_state_dict .Tutorial: https://pytorch.org/tutorials/recipes/distributed_checkpoint_recipe.html .
[36m(WorkerDict pid=6831)[0m   FSDP.set_state_dict_type(
[36m(WorkerDict pid=6831)[0m Loading weights:   0%|          | 0/723 [00:00<?, ?it/s]
[36m(WorkerDict pid=6831)[0m /root/autodl-tmp/Vision-OPD-main/verl/utils/profiler/config.py:52: UserWarning: Torch profiler tool config is not fully supported now.
[36m(WorkerDict pid=6831)[0m   warnings.warn("Torch profiler tool config is not fully supported now.", stacklevel=1)
[36m(WorkerDict pid=6831)[0m Loading weights:   0%|          | 1/723 [00:01<12:34,  1.05s/it]
[36m(WorkerDict pid=6830)[0m /root/autodl-tmp/Vision-OPD-main/verl/workers/fsdp_workers.py:666: FutureWarning: FSDP.state_dict_type() and FSDP.set_state_dict_type() are being deprecated. Please use APIs, get_state_dict() and set_state_dict(), which can support different parallelisms, FSDP1, FSDP2, DDP. API doc: https://pytorch.org/docs/stable/distributed.checkpoint.html#torch.distributed.checkpoint.state_dict.get_state_dict .Tutorial: https://pytorch.org/tutorials/recipes/distributed_checkpoint_recipe.html .
[36m(WorkerDict pid=6830)[0m   FSDP.set_state_dict_type(
[36m(WorkerDict pid=6831)[0m Loading weights: 100%|██████████| 723/723 [00:02<00:00, 355.26it/s]

[36m(WorkerDict pid=6830)[0m Qwen3_5ForConditionalGeneration contains 4.54B parameters
[36m(WorkerDict pid=6830)[0m wrap_policy: functools.partial(<function _or_policy at 0x7f131102a2a0>, policies=[functools.partial(<function transformer_auto_wrap_policy at 0x7f131102a160>, transformer_layer_cls={<class 'transformers.models.qwen3_5.modeling_qwen3_5.Qwen3_5DecoderLayer'>, <class 'transformers.models.qwen3_5.modeling_qwen3_5.Qwen3_5VisionBlock'>})])
[36m(WorkerDict pid=6830)[0m Total steps: 2, num_warmup_steps: 10
[36m(WorkerDict pid=6830)[0m Actor use_remove_padding=True
[36m(WorkerDict pid=6830)[0m Actor use_fused_kernels=False
[36m(WorkerDict pid=6830)[0m Actor use_prefix_grouper=False
[36m(WorkerDict pid=6830)[0m Monkey patch Qwen3_5ForConditionalGeneration model forward
[36m(WorkerDict pid=6830)[0m Monkey patch _flash_attention_forward in transformers.integrations.flash_attention
[36m(WorkerDict pid=6830)[0m Skipping monkey patch for Qwen3_5ForConditionalGeneration as use_fused_kernels is False or fused_kernels_backend is torch
[36m(WorkerDict pid=6831)[0m [Gloo] Rank 0 is connected to 0 peer ranks. Expected number of connected peer ranks is : 0
[36m(WorkerDict pid=6831)[0m [Gloo] Rank 0 is connected to 0 peer ranks. Expected number of connected peer ranks is : 0
[36m(WorkerDict pid=6830)[0m NCCL version 2.27.5+cuda12.9
[36m(WorkerDict pid=6830)[0m reference model: /root/autodl-tmp/models/Qwen3.5-4B
[36m(WorkerDict pid=6830)[0m Model config after override: Qwen3_5Config {
[36m(WorkerDict pid=6830)[0m   "architectures": [
[36m(WorkerDict pid=6830)[0m     "Qwen3_5ForConditionalGeneration"
[36m(WorkerDict pid=6830)[0m   ],
[36m(WorkerDict pid=6830)[0m   "bos_token_id": null,
[36m(WorkerDict pid=6830)[0m   "eos_token_id": 248046,
[36m(WorkerDict pid=6830)[0m   "image_token_id": 248056,
[36m(WorkerDict pid=6830)[0m   "model_type": "qwen3_5",
[36m(WorkerDict pid=6830)[0m   "pad_token_id": 248044,
[36m(WorkerDict pid=6830)[0m   "text_config": {
[36m(WorkerDict pid=6830)[0m     "attention_bias": false,
[36m(WorkerDict pid=6830)[0m     "attention_dropout": 0.0,
[36m(WorkerDict pid=6830)[0m     "attn_output_gate": true,
[36m(WorkerDict pid=6830)[0m     "bos_token_id": null,
[36m(WorkerDict pid=6830)[0m     "dtype": "bfloat16",
[36m(WorkerDict pid=6830)[0m     "eos_token_id": 248044,
[36m(WorkerDict pid=6830)[0m     "full_attention_interval": 4,
[36m(WorkerDict pid=6830)[0m     "head_dim": 256,
[36m(WorkerDict pid=6830)[0m     "hidden_act": "silu",
[36m(WorkerDict pid=6830)[0m     "hidden_size": 2560,
[36m(WorkerDict pid=6830)[0m     "initializer_range": 0.02,
[36m(WorkerDict pid=6830)[0m     "intermediate_size": 9216,
[36m(WorkerDict pid=6830)[0m     "layer_types": [
[36m(WorkerDict pid=6830)[0m       "linear_attention",
[36m(WorkerDict pid=6830)[0m       "linear_attention",
[36m(WorkerDict pid=6830)[0m       "linear_attention",
[36m(WorkerDict pid=6830)[0m       "full_attention",
[36m(WorkerDict pid=6830)[0m       "linear_attention",
[36m(WorkerDict pid=6830)[0m       "linear_attention",
[36m(WorkerDict pid=6830)[0m       "linear_attention",
[36m(WorkerDict pid=6830)[0m       "full_attention",
[36m(WorkerDict pid=6830)[0m       "linear_attention",
[36m(WorkerDict pid=6830)[0m       "linear_attention",
[36m(WorkerDict pid=6830)[0m       "linear_attention",
[36m(WorkerDict pid=6830)[0m       "full_attention",
[36m(WorkerDict pid=6830)[0m       "linear_attention",
[36m(WorkerDict pid=6830)[0m       "linear_attention",
[36m(WorkerDict pid=6830)[0m       "linear_attention",
[36m(WorkerDict pid=6830)[0m       "full_attention",
[36m(WorkerDict pid=6830)[0m       "linear_attention",
[36m(WorkerDict pid=6830)[0m       "linear_attention",
[36m(WorkerDict pid=6830)[0m       "linear_attention",
[36m(WorkerDict pid=6830)[0m       "full_attention",
[36m(WorkerDict pid=6830)[0m       "linear_attention",
[36m(WorkerDict pid=6830)[0m       "linear_attention",
[36m(WorkerDict pid=6830)[0m       "linear_attention",
[36m(WorkerDict pid=6830)[0m       "full_attention",
[36m(WorkerDict pid=6830)[0m       "linear_attention",
[36m(WorkerDict pid=6830)[0m       "linear_attention",
[36m(WorkerDict pid=6830)[0m       "linear_attention",
[36m(WorkerDict pid=6830)[0m       "full_attention",
[36m(WorkerDict pid=6830)[0m       "linear_attention",
[36m(WorkerDict pid=6830)[0m       "linear_attention",
[36m(WorkerDict pid=6830)[0m       "linear_attention",
[36m(WorkerDict pid=6830)[0m       "full_attention"
[36m(WorkerDict pid=6830)[0m     ],
[36m(WorkerDict pid=6830)[0m     "linear_conv_kernel_dim": 4,
[36m(WorkerDict pid=6830)[0m     "linear_key_head_dim": 128,
[36m(WorkerDict pid=6830)[0m     "linear_num_key_heads": 16,
[36m(WorkerDict pid=6830)[0m     "linear_num_value_heads": 32,
[36m(WorkerDict pid=6830)[0m     "linear_value_head_dim": 128,
[36m(WorkerDict pid=6830)[0m     "mamba_ssm_dtype": "float32",
[36m(WorkerDict pid=6830)[0m     "max_position_embeddings": 262144,
[36m(WorkerDict pid=6830)[0m     "mlp_only_layers": [],
[36m(WorkerDict pid=6830)[0m     "model_type": "qwen3_5_text",
[36m(WorkerDict pid=6830)[0m     "mtp_num_hidden_layers": 1,
[36m(WorkerDict pid=6830)[0m     "mtp_use_dedicated_embeddings": false,
[36m(WorkerDict pid=6830)[0m     "num_attention_heads": 16,
[36m(WorkerDict pid=6830)[0m     "num_hidden_layers": 32,
[36m(WorkerDict pid=6830)[0m     "num_key_value_heads": 4,
[36m(WorkerDict pid=6830)[0m     "pad_token_id": null,
[36m(WorkerDict pid=6830)[0m     "partial_rotary_factor": 0.25,
[36m(WorkerDict pid=6830)[0m     "rms_norm_eps": 1e-06,
[36m(WorkerDict pid=6830)[0m     "rope_parameters": {
[36m(WorkerDict pid=6830)[0m       "mrope_interleaved": true,
[36m(WorkerDict pid=6830)[0m       "mrope_section": [
[36m(WorkerDict pid=6830)[0m         11,
[36m(WorkerDict pid=6830)[0m         11,
[36m(WorkerDict pid=6830)[0m         10
[36m(WorkerDict pid=6830)[0m       ],
[36m(WorkerDict pid=6830)[0m       "partial_rotary_factor": 0.25,
[36m(WorkerDict pid=6830)[0m       "rope_theta": 10000000,
[36m(WorkerDict pid=6830)[0m       "rope_type": "default"
[36m(WorkerDict pid=6830)[0m     },
[36m(WorkerDict pid=6830)[0m     "tie_word_embeddings": true,
[36m(WorkerDict pid=6830)[0m     "use_cache": true,
[36m(WorkerDict pid=6830)[0m     "vocab_size": 248320
[36m(WorkerDict pid=6830)[0m   },
[36m(WorkerDict pid=6830)[0m   "tie_word_embeddings": true,
[36m(WorkerDict pid=6830)[0m   "transformers_version": "5.5.0",
[36m(WorkerDict pid=6830)[0m   "video_token_id": 248057,
[36m(WorkerDict pid=6830)[0m   "vision_config": {
[36m(WorkerDict pid=6830)[0m     "deepstack_visual_indexes": [],
[36m(WorkerDict pid=6830)[0m     "depth": 24,
[36m(WorkerDict pid=6830)[0m     "hidden_act": "gelu_pytorch_tanh",
[36m(WorkerDict pid=6830)[0m     "hidden_size": 1024,
[36m(WorkerDict pid=6830)[0m     "in_channels": 3,
[36m(WorkerDict pid=6830)[0m     "initializer_range": 0.02,
[36m(WorkerDict pid=6830)[0m     "intermediate_size": 4096,
[36m(WorkerDict pid=6830)[0m     "model_type": "qwen3_5",
[36m(WorkerDict pid=6830)[0m     "num_heads": 16,
[36m(WorkerDict pid=6830)[0m     "num_position_embeddings": 2304,
[36m(WorkerDict pid=6830)[0m     "out_hidden_size": 2560,
[36m(WorkerDict pid=6830)[0m     "patch_size": 16,
[36m(WorkerDict pid=6830)[0m     "spatial_merge_size": 2,
[36m(WorkerDict pid=6830)[0m     "temporal_patch_size": 2
[36m(WorkerDict pid=6830)[0m   },
[36m(WorkerDict pid=6830)[0m   "vision_end_token_id": 248054,
[36m(WorkerDict pid=6830)[0m   "vision_start_token_id": 248053
[36m(WorkerDict pid=6830)[0m }
[36m(WorkerDict pid=6830)[0m 
[36m(WorkerDict pid=6831)[0m Monkey patch Qwen3_5ForConditionalGeneration model forward
[36m(WorkerDict pid=6831)[0m Monkey patch _flash_attention_forward in transformers.integrations.flash_attention
[36m(WorkerDict pid=6831)[0m Skipping monkey patch for Qwen3_5ForConditionalGeneration as use_fused_kernels is False or fused_kernels_backend is torch
[36m(WorkerDict pid=6830)[0m [Gloo] Rank 0 is connected to 0 peer ranks. Expected number of connected peer ranks is : 0[32m [repeated 2x across cluster][0m[36m(TaskRunner pid=6434)[0m W0905 20:30:22.314000 6434 site-packages/torch/utils/cpp_extension.py:118] No CUDA runtime is found, using CUDA_HOME='/usr/local/cuda'
[36m(WorkerDict pid=6830)[0m Loading weights:   0%|          | 0/723 [00:00<?, ?it/s]
[36m(WorkerDict pid=6830)[0m Loading weights:  90%|████████▉ | 648/723 [00:01<00:00, 506.92it/s][32m [repeated 9x across cluster][0m
[36m(WorkerDict pid=6830)[0m Loading weights: 100%|██████████| 723/723 [00:02<00:00, 352.99it/s]
[36m(TaskRunner pid=6434)[0m /root/autodl-tmp/Vision-OPD-main/verl/utils/profiler/config.py:52: UserWarning: Torch profiler tool config is not fully supported now.
[36m(TaskRunner pid=6434)[0m   warnings.warn("Torch profiler tool config is not fully supported now.", stacklevel=1)
[36m(pid=7435)[0m W0905 20:30:29.843000 7435 site-packages/torch/utils/cpp_extension.py:118] No CUDA runtime is found, using CUDA_HOME='/usr/local/cuda'
[36m(pid=7436)[0m W0905 20:30:29.828000 7436 site-packages/torch/utils/cpp_extension.py:118] No CUDA runtime is found, using CUDA_HOME='/usr/local/cuda'
[36m(vLLMHttpServer pid=7435)[0m Using blocking ray.get inside async actor. This blocks the event loop. Please use `await` on object ref with asyncio.gather if you want to yield execution to the event loop instead.
[36m(vLLMHttpServer pid=7435)[0m The argument `trust_remote_code` is to be used with Auto classes. It has no effect here and is ignored.
[36m(vLLMHttpServer pid=7435)[0m `layer_type_validation` is deprecated and will be removed in v5.20. Use `PreTrainedConfig.validate_layer_type` instead
[36m(vLLMHttpServer pid=7435)[0m `layer_type_validation` is deprecated and will be removed in v5.20. Use `PreTrainedConfig.validate_layer_type` instead
[36m(vLLMHttpServer pid=7435)[0m `layer_type_validation` is deprecated and will be removed in v5.20. Use `PreTrainedConfig.validate_layer_type` instead
[36m(vLLMHttpServer pid=7435)[0m `Qwen2VLImageProcessorFast` is deprecated. The `Fast` suffix for image processors has been removed; use `Qwen2VLImageProcessor` instead.
[36m(vLLMHttpServer pid=7435)[0m The `use_fast` parameter is deprecated and will be removed in a future version. Use `backend="torchvision"` instead of `use_fast=True`, or `backend="pil"` instead of `use_fast=False`.
[36m(vLLMHttpServer pid=7436)[0m Using blocking ray.get inside async actor. This blocks the event loop. Please use `await` on object ref with asyncio.gather if you want to yield execution to the event loop instead.
[36m(vLLMHttpServer pid=7436)[0m The argument `trust_remote_code` is to be used with Auto classes. It has no effect here and is ignored.[32m [repeated 3x across cluster][0m
[36m(vLLMHttpServer pid=7436)[0m `layer_type_validation` is deprecated and will be removed in v5.20. Use `PreTrainedConfig.validate_layer_type` instead[32m [repeated 9x across cluster][0m
[36m(vLLMHttpServer pid=7436)[0m `Qwen2VLImageProcessorFast` is deprecated. The `Fast` suffix for image processors has been removed; use `Qwen2VLImageProcessor` instead.
[36m(vLLMHttpServer pid=7435)[0m W0905 20:30:50.455000 7743 site-packages/torch/utils/cpp_extension.py:118] No CUDA runtime is found, using CUDA_HOME='/usr/local/cuda'
[36m(vLLMHttpServer pid=7436)[0m The `use_fast` parameter is deprecated and will be removed in a future version. Use `backend="torchvision"` instead of `use_fast=True`, or `backend="pil"` instead of `use_fast=False`.
[36m(WorkerDict pid=6831)[0m `Qwen2VLImageProcessorFast` is deprecated. The `Fast` suffix for image processors has been removed; use `Qwen2VLImageProcessor` instead.
[36m(WorkerDict pid=6831)[0m The `use_fast` parameter is deprecated and will be removed in a future version. Use `backend="torchvision"` instead of `use_fast=True`, or `backend="pil"` instead of `use_fast=False`.
[36m(vLLMHttpServer pid=7436)[0m W0905 20:30:50.528000 7750 site-packages/torch/utils/cpp_extension.py:118] No CUDA runtime is found, using CUDA_HOME='/usr/local/cuda'
[36m(WorkerDict pid=6831)[0m <frozen importlib._bootstrap_external>:1301: FutureWarning: The cuda.cudart module is deprecated and will be removed in a future release, please switch to use the cuda.bindings.runtime module instead.
[36m(WorkerDict pid=6831)[0m <frozen importlib._bootstrap_external>:1301: FutureWarning: The cuda.nvrtc module is deprecated and will be removed in a future release, please switch to use the cuda.bindings.nvrtc module instead.
[36m(WorkerDict pid=6830)[0m `Qwen2VLImageProcessorFast` is deprecated. The `Fast` suffix for image processors has been removed; use `Qwen2VLImageProcessor` instead.
[36m(WorkerDict pid=6830)[0m The `use_fast` parameter is deprecated and will be removed in a future version. Use `backend="torchvision"` instead of `use_fast=True`, or `backend="pil"` instead of `use_fast=False`.
[36m(WorkerDict pid=6831)[0m /root/miniconda3/envs/vision-opd/lib/python3.12/site-packages/vllm/model_executor/layers/fla/ops/utils.py:113: UserWarning: Input tensor shape suggests potential format mismatch: seq_len (16) < num_heads (32). This may indicate the inputs were passed in head-first format [B, H, T, ...] when head_first=False was specified. Please verify your input tensor format matches the expected shape [B, T, H, ...].
[36m(WorkerDict pid=6831)[0m   return fn(*contiguous_args, **contiguous_kwargs)
[36m(WorkerDict pid=6830)[0m <frozen importlib._bootstrap_external>:1301: FutureWarning: The cuda.cudart module is deprecated and will be removed in a future release, please switch to use the cuda.bindings.runtime module instead.
[36m(WorkerDict pid=6830)[0m <frozen importlib._bootstrap_external>:1301: FutureWarning: The cuda.nvrtc module is deprecated and will be removed in a future release, please switch to use the cuda.bindings.nvrtc module instead.
[36m(WorkerDict pid=6830)[0m Capturing CUDA graphs (mixed prefill-decode, PIECEWISE):   0%|          | 0/4 [00:00<?, ?it/s]
[36m(WorkerDict pid=6830)[0m /root/miniconda3/envs/vision-opd/lib/python3.12/site-packages/vllm/model_executor/layers/fla/ops/utils.py:113: UserWarning: Input tensor shape suggests potential format mismatch: seq_len (16) < num_heads (32). This may indicate the inputs were passed in head-first format [B, H, T, ...] when head_first=False was specified. Please verify your input tensor format matches the expected shape [B, T, H, ...].
[36m(WorkerDict pid=6830)[0m   return fn(*contiguous_args, **contiguous_kwargs)
[36m(WorkerDict pid=6830)[0m Capturing CUDA graphs (mixed prefill-decode, PIECEWISE): 100%|██████████| 4/4 [00:00<00:00, 27.46it/s]Capturing CUDA graphs (mixed prefill-decode, PIECEWISE): 100%|██████████| 4/4 [00:00<00:00, 27.43it/s]
[36m(WorkerDict pid=6830)[0m Capturing CUDA graphs (decode, FULL):   0%|          | 0/4 [00:00<?, ?it/s]
[36m(WorkerDict pid=6830)[0m Capturing CUDA graphs (decode, FULL): 100%|██████████| 4/4 [00:00<00:00, 30.49it/s]Capturing CUDA graphs (decode, FULL): 100%|██████████| 4/4 [00:00<00:00, 30.45it/s]
[36m(vLLMHttpServer pid=7435)[0m (EngineCore pid=7743) `Qwen2VLImageProcessorFast` is deprecated. The `Fast` suffix for image processors has been removed; use `Qwen2VLImageProcessor` instead.
[36m(vLLMHttpServer pid=7435)[0m (EngineCore pid=7743) The `use_fast` parameter is deprecated and will be removed in a future version. Use `backend="torchvision"` instead of `use_fast=True`, or `backend="pil"` instead of `use_fast=False`.
[36m(vLLMHttpServer pid=7435)[0m The argument `trust_remote_code` is to be used with Auto classes. It has no effect here and is ignored.
[36m(vLLMHttpServer pid=7435)[0m `layer_type_validation` is deprecated and will be removed in v5.20. Use `PreTrainedConfig.validate_layer_type` instead
[36m(vLLMHttpServer pid=7435)[0m `layer_type_validation` is deprecated and will be removed in v5.20. Use `PreTrainedConfig.validate_layer_type` instead
[36m(vLLMHttpServer pid=7435)[0m `layer_type_validation` is deprecated and will be removed in v5.20. Use `PreTrainedConfig.validate_layer_type` instead
[36m(vLLMHttpServer pid=7435)[0m The argument `trust_remote_code` is to be used with Auto classes. It has no effect here and is ignored.
[36m(vLLMHttpServer pid=7435)[0m `layer_type_validation` is deprecated and will be removed in v5.20. Use `PreTrainedConfig.validate_layer_type` instead
[36m(vLLMHttpServer pid=7435)[0m `layer_type_validation` is deprecated and will be removed in v5.20. Use `PreTrainedConfig.validate_layer_type` instead
[36m(vLLMHttpServer pid=7435)[0m `layer_type_validation` is deprecated and will be removed in v5.20. Use `PreTrainedConfig.validate_layer_type` instead
[36m(vLLMHttpServer pid=7435)[0m The argument `trust_remote_code` is to be used with Auto classes. It has no effect here and is ignored.
[36m(vLLMHttpServer pid=7435)[0m `layer_type_validation` is deprecated and will be removed in v5.20. Use `PreTrainedConfig.validate_layer_type` instead
[36m(vLLMHttpServer pid=7435)[0m `layer_type_validation` is deprecated and will be removed in v5.20. Use `PreTrainedConfig.validate_layer_type` instead
[36m(vLLMHttpServer pid=7435)[0m `layer_type_validation` is deprecated and will be removed in v5.20. Use `PreTrainedConfig.validate_layer_type` instead
[36m(vLLMHttpServer pid=7436)[0m (EngineCore pid=7750) `Qwen2VLImageProcessorFast` is deprecated. The `Fast` suffix for image processors has been removed; use `Qwen2VLImageProcessor` instead.
[36m(vLLMHttpServer pid=7436)[0m (EngineCore pid=7750) The `use_fast` parameter is deprecated and will be removed in a future version. Use `backend="torchvision"` instead of `use_fast=True`, or `backend="pil"` instead of `use_fast=False`.
[36m(vLLMHttpServer pid=7435)[0m The argument `trust_remote_code` is to be used with Auto classes. It has no effect here and is ignored.[32m [repeated 5x across cluster][0m
[36m(vLLMHttpServer pid=7435)[0m `layer_type_validation` is deprecated and will be removed in v5.20. Use `PreTrainedConfig.validate_layer_type` instead[32m [repeated 15x across cluster][0m
[36m(WorkerDict pid=6830)[0m /root/autodl-tmp/Vision-OPD-main/verl/utils/device.py:134: FutureWarning: torch.cuda._set_allocator_settings is deprecated. Use torch._C._accelerator_setAllocatorSettings instead.
[36m(WorkerDict pid=6830)[0m   torch.cuda.memory._set_allocator_settings(f"expandable_segments:{enable}")
[36m(TaskRunner pid=6434)[0m Training Progress:   0%|          | 0/2 [00:00<?, ?it/s]
[36m(AgentLoopWorker pid=8526)[0m W0905 20:31:51.086000 8526 site-packages/torch/utils/cpp_extension.py:118] No CUDA runtime is found, using CUDA_HOME='/usr/local/cuda'
[36m(vLLMHttpServer pid=7436)[0m The argument `trust_remote_code` is to be used with Auto classes. It has no effect here and is ignored.[32m [repeated 2x across cluster][0m
[36m(vLLMHttpServer pid=7436)[0m `layer_type_validation` is deprecated and will be removed in v5.20. Use `PreTrainedConfig.validate_layer_type` instead[32m [repeated 6x across cluster][0m
[36m(WorkerDict pid=6831)[0m /root/autodl-tmp/Vision-OPD-main/verl/utils/device.py:134: FutureWarning: torch.cuda._set_allocator_settings is deprecated. Use torch._C._accelerator_setAllocatorSettings instead.
[36m(WorkerDict pid=6831)[0m   torch.cuda.memory._set_allocator_settings(f"expandable_segments:{enable}")
[36m(AgentLoopWorker pid=8527)[0m Keyword argument `video_metadatas` is not a valid argument for this processor and will be ignored.
[36m(AgentLoopWorker pid=8527)[0m W0905 20:31:51.139000 8527 site-packages/torch/utils/cpp_extension.py:118] No CUDA runtime is found, using CUDA_HOME='/usr/local/cuda'
[36m(WorkerDict pid=6831)[0m /root/autodl-tmp/Vision-OPD-main/verl/utils/device.py:134: FutureWarning: torch.cuda._set_allocator_settings is deprecated. Use torch._C._accelerator_setAllocatorSettings instead.
[36m(WorkerDict pid=6831)[0m   torch.cuda.memory._set_allocator_settings(f"expandable_segments:{enable}")
[36m(AgentLoopWorker pid=8526)[0m Keyword argument `video_metadatas` is not a valid argument for this processor and will be ignored.

[36m(WorkerDict pid=6830)[0m Qwen3_5ForConditionalGeneration contains 4.54B parameters
[36m(WorkerDict pid=6830)[0m wrap_policy: functools.partial(<function _or_policy at 0x7f131102a2a0>, policies=[functools.partial(<function transformer_auto_wrap_policy at 0x7f131102a160>, transformer_layer_cls={<class 'transformers.models.qwen3_5.modeling_qwen3_5.Qwen3_5DecoderLayer'>, <class 'transformers.models.qwen3_5.modeling_qwen3_5.Qwen3_5VisionBlock'>})])
[36m(WorkerDict pid=6830)[0m Ref use_remove_padding=True
[36m(WorkerDict pid=6830)[0m Ref use_fused_kernels=False
[36m(WorkerDict pid=6830)[0m Ref use_prefix_grouper=False
[36m(WorkerDict pid=6830)[0m Monkey patch Qwen3_5ForConditionalGeneration model forward
[36m(WorkerDict pid=6830)[0m Monkey patch _flash_attention_forward in transformers.integrations.flash_attention
[36m(WorkerDict pid=6830)[0m Skipping monkey patch for Qwen3_5ForConditionalGeneration as use_fused_kernels is False or fused_kernels_backend is torch
[36m(vLLMHttpServer pid=7435)[0m WARNING 09-05 20:30:35 [envs.py:1717] Unknown vLLM environment variable detected: VLLM_USE_V1
[36m(vLLMHttpServer pid=7436)[0m ['serve',
[36m(vLLMHttpServer pid=7436)[0m  '/root/autodl-tmp/models/Qwen3.5-4B',
[36m(vLLMHttpServer pid=7436)[0m  '--dtype',
[36m(vLLMHttpServer pid=7436)[0m  'bfloat16',
[36m(vLLMHttpServer pid=7436)[0m  '--load_format',
[36m(vLLMHttpServer pid=7436)[0m  'dummy',
[36m(vLLMHttpServer pid=7436)[0m  '--trust_remote_code',
[36m(vLLMHttpServer pid=7436)[0m  '--max_model_len',
[36m(vLLMHttpServer pid=7436)[0m  '9216',
[36m(vLLMHttpServer pid=7436)[0m  '--max_num_seqs',
[36m(vLLMHttpServer pid=7436)[0m  '1024',
[36m(vLLMHttpServer pid=7436)[0m  '--enable_chunked_prefill',
[36m(vLLMHttpServer pid=7436)[0m  '--max_num_batched_tokens',
[36m(vLLMHttpServer pid=7436)[0m  '9216',
[36m(vLLMHttpServer pid=7436)[0m  '--enable_prefix_caching',
[36m(vLLMHttpServer pid=7436)[0m  '--enable_sleep_mode',
[36m(vLLMHttpServer pid=7436)[0m  '--logprobs_mode',
[36m(vLLMHttpServer pid=7436)[0m  'processed_logprobs',
[36m(vLLMHttpServer pid=7436)[0m  '--disable_custom_all_reduce',
[36m(vLLMHttpServer pid=7436)[0m  '--gpu_memory_utilization',
[36m(vLLMHttpServer pid=7436)[0m  '0.4',
[36m(vLLMHttpServer pid=7436)[0m  '--disable_log_stats',
[36m(vLLMHttpServer pid=7436)[0m  '--tensor_parallel_size',
[36m(vLLMHttpServer pid=7436)[0m  '1',
[36m(vLLMHttpServer pid=7436)[0m  '--seed',
[36m(vLLMHttpServer pid=7436)[0m  '0',
[36m(vLLMHttpServer pid=7436)[0m  '--override_generation_config',
[36m(vLLMHttpServer pid=7436)[0m  '{"temperature": 1.0, "top_k": -1, "top_p": 1.0, "repetition_penalty": 1.0, '
[36m(vLLMHttpServer pid=7436)[0m  '"max_new_tokens": 1024}',
[36m(vLLMHttpServer pid=7436)[0m  '--hf_overrides',
[36m(vLLMHttpServer pid=7436)[0m  '{}',
[36m(vLLMHttpServer pid=7436)[0m  '--scheduling_policy',
[36m(vLLMHttpServer pid=7436)[0m  'fcfs',
[36m(vLLMHttpServer pid=7436)[0m  '--compilation_config',
[36m(vLLMHttpServer pid=7436)[0m  '{"cudagraph_capture_sizes": [1, 2, 4, 8], "pass_config": '
[36m(vLLMHttpServer pid=7436)[0m  '{"fuse_allreduce_rms": false}}',
[36m(vLLMHttpServer pid=7436)[0m  '--kernel_config',
[36m(vLLMHttpServer pid=7436)[0m  '{"enable_flashinfer_autotune": false}']
[36m(vLLMHttpServer pid=7435)[0m WARNING 09-05 20:30:35 [config.py:372] Mamba cache mode is set to 'align' for Qwen3_5ForConditionalGeneration by default when prefix caching is enabled
[36m(vLLMHttpServer pid=7435)[0m WARNING 09-05 20:30:35 [vllm.py:743] Async scheduling will be disabled because it is not supported with the `<class 'verl.workers.rollout.vllm_rollout.vllm_async_server.ExternalZeroMQDistributedExecutor'>` distributed executor backend (only `mp`, `uni`, and `external_launcher` are supported).
[36m(vLLMHttpServer pid=7435)[0m WARNING 09-05 20:30:45 [system_utils.py:152] We must use the `spawn` multiprocessing start method. Overriding VLLM_WORKER_MULTIPROC_METHOD to 'spawn'. See https://docs.vllm.ai/en/latest/usage/troubleshooting.html#python-multiprocessing for more information. Reasons: In a Ray actor and can only be spawned
[36m(vLLMHttpServer pid=7436)[0m WARNING 09-05 20:30:35 [envs.py:1717] Unknown vLLM environment variable detected: VLLM_USE_V1
[36m(vLLMHttpServer pid=7436)[0m WARNING 09-05 20:30:35 [config.py:372] Mamba cache mode is set to 'align' for Qwen3_5ForConditionalGeneration by default when prefix caching is enabled
[36m(vLLMHttpServer pid=7436)[0m WARNING 09-05 20:30:35 [vllm.py:743] Async scheduling will be disabled because it is not supported with the `<class 'verl.workers.rollout.vllm_rollout.vllm_async_server.ExternalZeroMQDistributedExecutor'>` distributed executor backend (only `mp`, `uni`, and `external_launcher` are supported).
[36m(WorkerDict pid=6830)[0m WARNING 09-05 20:30:53 [worker_base.py:287] Missing `shared_worker_lock` argument from executor. This argument is needed for mm_processor_cache_type='shm'.
[36m(vLLMHttpServer pid=7436)[0m WARNING 09-05 20:30:45 [system_utils.py:152] We must use the `spawn` multiprocessing start method. Overriding VLLM_WORKER_MULTIPROC_METHOD to 'spawn'. See https://docs.vllm.ai/en/latest/usage/troubleshooting.html#python-multiprocessing for more information. Reasons: In a Ray actor and can only be spawned
[36m(vLLMHttpServer pid=7435)[0m WARNING 09-05 20:31:34 [api_router.py:30] LoRA dynamic loading & unloading is enabled in the API server. This should ONLY be used for local development!
[36m(WorkerDict pid=6831)[0m WARNING 09-05 20:30:53 [worker_base.py:287] Missing `shared_worker_lock` argument from executor. This argument is needed for mm_processor_cache_type='shm'.
[36m(vLLMHttpServer pid=7435)[0m WARNING 09-05 20:31:34 [model.py:1376] Default vLLM sampling parameters have been overridden by the model's `generation_config.json`: `{'repetition_penalty': 1.0, 'temperature': 1.0, 'top_k': -1, 'top_p': 1.0, 'max_tokens': 1024}`. If this is not intended, please relaunch vLLM instance with `--generation-config vllm`.
[36m(TaskRunner pid=6434)[0m AgentLoopManager: ['172.17.0.2:35885', '172.17.0.2:33087']
[36m(vLLMHttpServer pid=7436)[0m WARNING 09-05 20:31:35 [api_router.py:30] LoRA dynamic loading & unloading is enabled in the API server. This should ONLY be used for local development!
[36m(vLLMHttpServer pid=7436)[0m WARNING 09-05 20:31:35 [model.py:1376] Default vLLM sampling parameters have been overridden by the model's `generation_config.json`: `{'repetition_penalty': 1.0, 'temperature': 1.0, 'top_k': -1, 'top_p': 1.0, 'max_tokens': 1024}`. If this is not intended, please relaunch vLLM instance with `--generation-config vllm`.
[36m(TaskRunner pid=6434)[0m Saving tensorboard log to tensorboard_log/Vision-OPD/E-D11-6K-VOPD-PILOT-016.
[36m(AgentLoopWorker pid=8526)[0m Using dataset class: RLHFDataset
[36m(vLLMHttpServer pid=7435)[0m WARNING 09-05 20:31:56 [input_processor.py:227] Passing raw prompts to InputProcessor is deprecated and will be removed in v0.18. You should instead pass the outputs of Renderer.render_cmpl() or Renderer.render_chat().
[36m(TaskRunner pid=6434)[0m Dumped generations to /root/autodl-tmp/Vision-OPD-main/artifacts/runs/E-D11-6K-GATE-001/pilot/16/rollouts/1.jsonl
[36m(TaskRunner pid=6434)[0m step:1 - global_seqlen/min:19950 - global_seqlen/max:26770 - global_seqlen/minmax_diff:6820 - global_seqlen/balanced_min:23163 - global_seqlen/balanced_max:23557 - global_seqlen/mean:23360.0 - self_distillation/teacher_always_on_fraction:1.0 - self_distillation/teacher_image_swap_fraction:1.0 - self_distillation/policy_fallback_fraction:0.0 - self_distillation/grpo_fallback_count:0.0 - rollout_corr/rollout_is_mean:1.0 - rollout_corr/rollout_is_ratio_fraction_high:0.0 - rollout_corr/rollout_is_ratio_fraction_low:0.0 - rollout_corr/rollout_is_max:1.0 - rollout_corr/rollout_is_min:1.0 - rollout_corr/rollout_is_std:0.0 - rollout_corr/rollout_is_eff_sample_size:1.0 - rollout_corr/rollout_is_seq_mean:1.0 - rollout_corr/rollout_is_seq_std:0.0 - rollout_corr/rollout_is_seq_max:1.0 - rollout_corr/rollout_is_seq_min:1.0 - rollout_corr/rollout_is_seq_max_deviation:0.0 - rollout_corr/rollout_is_seq_fraction_high:0.0 - rollout_corr/rollout_is_seq_fraction_low:0.0 - rollout_corr/training_ppl:1.7332242727279663 - rollout_corr/training_log_ppl:0.5294416596492131 - rollout_corr/kl:0.013183849844305465 - rollout_corr/k3_kl:0.008509634188764418 - rollout_corr/rollout_ppl:1.6589878797531128 - rollout_corr/rollout_log_ppl:0.4837607517838478 - rollout_corr/log_ppl_diff:0.04568091283241908 - rollout_corr/log_ppl_abs_diff:0.04737714181343714 - rollout_corr/log_ppl_diff_max:0.2979580760002136 - rollout_corr/log_ppl_diff_min:-0.0026592016220092773 - rollout_corr/ppl_ratio:1.0516707996527352 - rollout_corr/chi2_token:0.0026868681112925206 - rollout_corr/chi2_seq:0.08838856220245364 - actor/pg_loss:0.008990161266410723 - actor/kl_loss:0.0 - actor/grpo_loss:0.0 - actor/vopd_loss:0.008990161266410723 - actor/vopd_loss_weighted:0.008990161266410723 - actor/policy_fallback_fraction:0.0 - self_distillation/raw_jsd_token_mean:0.04807854040215413 - self_distillation/weighted_jsd_token_mean:0.04807854040215413 - self_distillation/self_distillation_mask.mean():1.0 - self_distillation/num_distill_tokens:162.66666666666669 - self_distillation/empty_target_batch:0.0 - actor/grad_norm:1.8711907863616943 - timing_s/update_actor/student_forward:3.393334020394832 - timing_s/update_actor/teacher_forward:13.414261471945792 - timing_s/update_actor/loss_compute:0.005968456156551838 - timing_s/update_actor/backward:8.025448774453253 - timing_s/update_actor/optimizer_step:0.12784912902861834 - timing_s/update_actor/teacher_ema_update:6.892727063968778 - evidence/runtime_probe_enabled:1.0 - evidence/parameter_probe_elements:512.0 - evidence/student_param_probe_max_delta_after_optimizer:0.0 - evidence/teacher_param_probe_max_delta_after_optimizer:0.0 - evidence/teacher_grad_non_none_count:0.0 - evidence/teacher_param_probe_max_delta_after_ema:2.384185791015625e-07 - evidence/ema_update_applied:1.0 - perf/mfu/actor:0.0 - perf/max_memory_allocated_gb:90.73008823394775 - perf/max_memory_reserved_gb:103.39453125 - perf/cpu_memory_used_gb:144.8405590057373 - actor/lr:0.0 - training/global_step:1 - training/epoch:0 - response_length/mean:122.0 - response_length/max:284.0 - response_length/min:4.0 - response_length/clip_ratio:0.0 - response_length_non_aborted/mean:122.0 - response_length_non_aborted/max:284.0 - response_length_non_aborted/min:4.0 - response_length_non_aborted/clip_ratio:0.0 - response/aborted_ratio:0.0 - prompt_length/mean:5718.0 - prompt_length/max:7880.0 - prompt_length/min:3132.0 - prompt_length/clip_ratio:0.0 - num_turns/min:2 - num_turns/max:2 - num_turns/mean:2.0 - timing_s/start_profile:8.850777521729469e-05 - timing_s/agent_loop/generate_sequences/min:11.072862491942942 - timing_s/agent_loop/generate_sequences/max:16.409880318213254 - timing_s/agent_loop/generate_sequences/mean:13.869568353286013 - timing_s/agent_loop/tool_calls/min:0.0 - timing_s/agent_loop/tool_calls/max:0.0 - timing_s/agent_loop/tool_calls/mean:0.0 - timing_s/agent_loop/slowest/generate_sequences:16.409880318213254 - timing_s/agent_loop/slowest/tool_calls:0.0 - timing_s/agent_loop/slowest/prompt_length:3362 - timing_s/agent_loop/slowest/response_length:284 - timing_s/gen:30.663531026802957 - timing_s/adv:0.939172066282481 - timing_s/update_actor:47.129381137900054 - timing_s/dump_rollout_generations:0.02832524199038744 - timing_s/step:78.77036327822134 - timing_s/stop_profile:0.00017075007781386375 - timing_per_token_ms/gen:31.417552281560408 - timing_per_token_ms/adv:0.02010214182967639 - timing_per_token_ms/update_actor:1.008762438739299 - perf/total_num_tokens:46720 - perf/time_per_step:78.77036327822134 - perf/throughput:296.55823621748664[36m(TaskRunner pid=6434)[0m Training Progress:  50%|█████     | 1/2 [01:18<01:18, 78.79s/it]
[36m(WorkerDict pid=6830)[0m /root/autodl-tmp/Vision-OPD-main/verl/utils/device.py:134: FutureWarning: torch.cuda._set_allocator_settings is deprecated. Use torch._C._accelerator_setAllocatorSettings instead.
[36m(WorkerDict pid=6830)[0m   torch.cuda.memory._set_allocator_settings(f"expandable_segments:{enable}")

[36m(AgentLoopWorker pid=8527)[0m Using dataset class: RLHFDataset
[36m(vLLMHttpServer pid=7436)[0m WARNING 09-05 20:31:56 [input_processor.py:227] Passing raw prompts to InputProcessor is deprecated and will be removed in v0.18. You should instead pass the outputs of Renderer.render_cmpl() or Renderer.render_chat().
[36m(TaskRunner pid=6434)[0m Dumped generations to /root/autodl-tmp/Vision-OPD-main/artifacts/runs/E-D11-6K-GATE-001/pilot/16/rollouts/2.jsonl
[36m(TaskRunner pid=6434)[0m local_global_step_folder: /root/autodl-tmp/Vision-OPD-main/artifacts/runs/E-D11-6K-GATE-001/pilot/16/checkpoints/global_step_2
[36m(TaskRunner pid=6434)[0m Training Progress: 100%|██████████| 2/2 [03:44<00:00, 118.03s/it]Training Progress: 100%|██████████| 2/2 [03:44<00:00, 112.15s/it]
[36m(TaskRunner pid=6434)[0m step:2 - global_seqlen/min:16749 - global_seqlen/max:21764 - global_seqlen/minmax_diff:5015 - global_seqlen/balanced_min:19228 - global_seqlen/balanced_max:19285 - global_seqlen/mean:19256.5 - self_distillation/teacher_always_on_fraction:1.0 - self_distillation/teacher_image_swap_fraction:1.0 - self_distillation/policy_fallback_fraction:0.0 - self_distillation/grpo_fallback_count:0.0 - rollout_corr/rollout_is_mean:1.0 - rollout_corr/rollout_is_ratio_fraction_high:0.0 - rollout_corr/rollout_is_ratio_fraction_low:0.0 - rollout_corr/rollout_is_max:1.0 - rollout_corr/rollout_is_min:1.0 - rollout_corr/rollout_is_std:0.0 - rollout_corr/rollout_is_eff_sample_size:1.0 - rollout_corr/rollout_is_seq_mean:1.0 - rollout_corr/rollout_is_seq_std:0.0 - rollout_corr/rollout_is_seq_max:1.0 - rollout_corr/rollout_is_seq_min:1.0 - rollout_corr/rollout_is_seq_max_deviation:0.0 - rollout_corr/rollout_is_seq_fraction_high:0.0 - rollout_corr/rollout_is_seq_fraction_low:0.0 - rollout_corr/training_ppl:1.5332218209902446 - rollout_corr/training_log_ppl:0.39916019390026725 - rollout_corr/kl:0.09680332794475058 - rollout_corr/k3_kl:0.07162519741784004 - rollout_corr/rollout_ppl:1.4205483198165894 - rollout_corr/rollout_log_ppl:0.3345192124446233 - rollout_corr/log_ppl_diff:0.06464098890622458 - rollout_corr/log_ppl_abs_diff:0.06464098890622458 - rollout_corr/log_ppl_diff_max:0.2730969190597534 - rollout_corr/log_ppl_diff_min:0.004117220640182495 - rollout_corr/ppl_ratio:1.0707872112592063 - rollout_corr/chi2_token:0.15597424904505414 - rollout_corr/chi2_seq:-0.4802304605642954 - actor/pg_loss:0.012706731009529904 - actor/kl_loss:0.0 - actor/grpo_loss:0.0 - actor/vopd_loss:0.012706731009529904 - actor/vopd_loss_weighted:0.012706731009529904 - actor/policy_fallback_fraction:0.0 - self_distillation/raw_jsd_token_mean:0.028703589302798115 - self_distillation/weighted_jsd_token_mean:0.028703589302798115 - self_distillation/self_distillation_mask.mean():1.0 - self_distillation/num_distill_tokens:59.83333333333333 - self_distillation/empty_target_batch:0.0 - actor/grad_norm:2.3117499351501465 - timing_s/update_actor/student_forward:2.78314132289961 - timing_s/update_actor/teacher_forward:1.578096728771925 - timing_s/update_actor/loss_compute:0.009340308140963316 - timing_s/update_actor/backward:6.612657775171101 - timing_s/update_actor/optimizer_step:0.08766526496037841 - timing_s/update_actor/teacher_ema_update:9.611842969898134 - evidence/runtime_probe_enabled:1.0 - evidence/parameter_probe_elements:512.0 - evidence/student_param_probe_max_delta_after_optimizer:2.384185791015625e-07 - evidence/teacher_param_probe_max_delta_after_optimizer:0.0 - evidence/teacher_grad_non_none_count:0.0 - evidence/teacher_param_probe_max_delta_after_ema:2.384185791015625e-07 - evidence/ema_update_applied:1.0 - perf/mfu/actor:0.0 - perf/max_memory_allocated_gb:100.09807825088501 - perf/max_memory_reserved_gb:115.16796875 - perf/cpu_memory_used_gb:211.39051818847656 - actor/lr:2e-07 - training/global_step:2 - training/epoch:0 - response_length/mean:44.875 - response_length/max:103.0 - response_length/min:4.0 - response_length/clip_ratio:0.0 - response_length_non_aborted/mean:44.875 - response_length_non_aborted/max:103.0 - response_length_non_aborted/min:4.0 - response_length_non_aborted/clip_ratio:0.0 - response/aborted_ratio:0.0 - prompt_length/mean:4769.25 - prompt_length/max:7318.0 - prompt_length/min:3369.0 - prompt_length/clip_ratio:0.0 - num_turns/min:2 - num_turns/max:2 - num_turns/mean:2.0 - timing_s/start_profile:0.00012528710067272186 - timing_s/agent_loop/generate_sequences/min:3.2014075773768127 - timing_s/agent_loop/generate_sequences/max:4.822509211953729 - timing_s/agent_loop/generate_sequences/mean:3.8482551797060296 - timing_s/agent_loop/tool_calls/min:0.0 - timing_s/agent_loop/tool_calls/max:0.0 - timing_s/agent_loop/tool_calls/mean:0.0 - timing_s/agent_loop/slowest/generate_sequences:4.822509211953729 - timing_s/agent_loop/slowest/tool_calls:0.0 - timing_s/agent_loop/slowest/prompt_length:7318 - timing_s/agent_loop/slowest/response_length:94 - timing_s/gen:14.164511960931122 - timing_s/adv:0.8446461628191173 - timing_s/update_actor:25.74943473096937 - timing_s/dump_rollout_generations:0.02485742513090372 - timing_s/step:40.79468968557194 - timing_s/save_checkpoint:104.61151796206832 - timing_s/stop_profile:0.0001661977730691433 - timing_per_token_ms/gen:39.45546507223154 - timing_per_token_ms/adv:0.021931455945242317 - timing_per_token_ms/update_actor:0.668590728610323 - perf/total_num_tokens:38513 - perf/time_per_step:40.79468968557194 - perf/throughput:472.0344767522657
[36m(TaskRunner pid=6434)[0m 'Final validation metrics: None'
PILOT_POSTFLIGHT=PASS
TRAINING_GATE_PASS=True
STAGE_GATE_PASS=True
OUTPUT=/root/autodl-tmp/Vision-OPD-main/artifacts/runs/E-D11-6K-GATE-001/pilot/16/evidence/postflight.json
