VOPD_PREFLIGHT=PASS
EXPERIMENT_ID=E-D11-6K-VOPD-PILOT-064
SUMMARY=/root/autodl-tmp/Vision-OPD-main/artifacts/runs/E-D11-6K-GATE-001/pilot/64/preflight/preflight_summary.json
TRAIN_ROWS=64
MISSING_IMAGE_PATHS=0
Starting E-D11-6K-VOPD-PILOT-064 on CUDA_VISIBLE_DEVICES=0,1
Config: /root/autodl-tmp/Vision-OPD-main/configs/vopd_6241_pilot_64.yaml
Training data: /root/autodl-tmp/data/vision_opd_6241/pilot/train_pilot_64.parquet
Audit manifest: /root/autodl-tmp/Vision-OPD-main/artifacts/runs/E-D11-6K-GATE-001/pilot/64/preflight/run_invocation.json
Log: /root/autodl-tmp/Vision-OPD-main/artifacts/runs/E-D11-6K-GATE-001/pilot/64/logs/train.log
2026-09-05 20:39:17,786	WARNING utils.py:458 -- Detecting docker specified CPUs. In previous versions of Ray, CPU detection in containers was incorrect. Please ensure that Ray has enough CPUs allocated. As a temporary workaround to revert to the prior behavior, set `RAY_USE_MULTIPROCESSING_CPU_COUNT=1` as an env var before starting Ray. Set the env var: `RAY_DISABLE_DOCKER_CPU_WARNING=1` to mute this warning.
2026-09-05 20:39:18,150	INFO worker.py:1998 -- Started a local Ray instance. View the dashboard at [1m[32mhttp://127.0.0.1:8265 [39m[22m
/root/miniconda3/envs/vision-opd/lib/python3.12/site-packages/ray/_private/worker.py:2046: FutureWarning: Tip: In future versions of Ray, Ray will no longer override accelerator visible devices env var if num_gpus=0 or num_gpus=None (default). To enable this behavior and turn off this error message, set RAY_ACCEL_ENV_VAR_OVERRIDE_ON_ZERO=0
  warnings.warn(
ray init kwargs: {'num_cpus': None, 'runtime_env': {'env_vars': {'TOKENIZERS_PARALLELISM': 'true', 'NCCL_DEBUG': 'WARN', 'VLLM_LOGGING_LEVEL': 'WARN', 'VLLM_ALLOW_RUNTIME_LORA_UPDATING': 'true', 'VLLM_ALLREDUCE_USE_SYMM_MEM': '0', 'CUDA_DEVICE_MAX_CONNECTIONS': '1', 'NCCL_CUMEM_ENABLE': '0'}, 'working_dir': None}}
[36m(TaskRunner pid=15002)[0m TaskRunner hostname: autodl-container-lalbr7shzx-e6385dc5, PID: 15002
[36m(TaskRunner pid=15002)[0m {'actor_rollout_ref': {'actor': {'_target_': 'verl.workers.config.FSDPActorConfig',
[36m(TaskRunner pid=15002)[0m                                  'calculate_entropy': False,
[36m(TaskRunner pid=15002)[0m                                  'calculate_sum_pi_squared': False,
[36m(TaskRunner pid=15002)[0m                                  'checkpoint': {'_target_': 'verl.trainer.config.CheckpointConfig',
[36m(TaskRunner pid=15002)[0m                                                 'async_save': False,
[36m(TaskRunner pid=15002)[0m                                                 'fsdp_flush_reclaim': True,
[36m(TaskRunner pid=15002)[0m                                                 'load_contents': ['model',
[36m(TaskRunner pid=15002)[0m                                                                   'optimizer',
[36m(TaskRunner pid=15002)[0m                                                                   'extra'],
[36m(TaskRunner pid=15002)[0m                                                 'save_contents': ['model',
[36m(TaskRunner pid=15002)[0m                                                                   'optimizer',
[36m(TaskRunner pid=15002)[0m                                                                   'extra']},
[36m(TaskRunner pid=15002)[0m                                  'clip_ratio': 0.2,
[36m(TaskRunner pid=15002)[0m                                  'clip_ratio_c': 3.0,
[36m(TaskRunner pid=15002)[0m                                  'clip_ratio_high': 0.3,
[36m(TaskRunner pid=15002)[0m                                  'clip_ratio_low': 0.2,
[36m(TaskRunner pid=15002)[0m                                  'data_loader_seed': 42,
[36m(TaskRunner pid=15002)[0m                                  'entropy_checkpointing': False,
[36m(TaskRunner pid=15002)[0m                                  'entropy_coeff': 0,
[36m(TaskRunner pid=15002)[0m                                  'entropy_from_logits_with_chunking': False,
[36m(TaskRunner pid=15002)[0m                                  'freeze_vision_tower': False,
[36m(TaskRunner pid=15002)[0m                                  'fsdp_config': {'_target_': 'verl.workers.config.FSDPEngineConfig',
[36m(TaskRunner pid=15002)[0m                                                  'dtype': 'bfloat16',
[36m(TaskRunner pid=15002)[0m                                                  'entropy_checkpointing': False,
[36m(TaskRunner pid=15002)[0m                                                  'entropy_from_logits_with_chunking': False,
[36m(TaskRunner pid=15002)[0m                                                  'forward_only': False,
[36m(TaskRunner pid=15002)[0m                                                  'forward_prefetch': False,
[36m(TaskRunner pid=15002)[0m                                                  'fsdp_size': -1,
[36m(TaskRunner pid=15002)[0m                                                  'full_determinism': False,
[36m(TaskRunner pid=15002)[0m                                                  'model_dtype': 'fp32',
[36m(TaskRunner pid=15002)[0m                                                  'offload_policy': False,
[36m(TaskRunner pid=15002)[0m                                                  'optimizer_offload': True,
[36m(TaskRunner pid=15002)[0m                                                  'param_offload': True,
[36m(TaskRunner pid=15002)[0m                                                  'reshard_after_forward': True,
[36m(TaskRunner pid=15002)[0m                                                  'seed': 42,
[36m(TaskRunner pid=15002)[0m                                                  'strategy': 'fsdp',
[36m(TaskRunner pid=15002)[0m                                                  'ulysses_sequence_parallel_size': 1,
[36m(TaskRunner pid=15002)[0m                                                  'use_orig_params': False,
[36m(TaskRunner pid=15002)[0m                                                  'use_torch_compile': True,
[36m(TaskRunner pid=15002)[0m                                                  'wrap_policy': {'min_num_params': 0}},
[36m(TaskRunner pid=15002)[0m                                  'grad_clip': 1.0,
[36m(TaskRunner pid=15002)[0m                                  'kl_loss_coef': 0.001,
[36m(TaskRunner pid=15002)[0m                                  'kl_loss_type': 'low_var_kl',
[36m(TaskRunner pid=15002)[0m                                  'loss_agg_mode': 'token-mean',
[36m(TaskRunner pid=15002)[0m                                  'loss_scale_factor': None,
[36m(TaskRunner pid=15002)[0m                                  'optim': {'_target_': 'verl.workers.config.FSDPOptimizerConfig',
[36m(TaskRunner pid=15002)[0m                                            'betas': [0.9, 0.999],
[36m(TaskRunner pid=15002)[0m                                            'clip_grad': 1.0,
[36m(TaskRunner pid=15002)[0m                                            'lr': 2e-06,
[36m(TaskRunner pid=15002)[0m                                            'lr_scheduler_type': 'constant',
[36m(TaskRunner pid=15002)[0m                                            'lr_warmup_steps': 10,
[36m(TaskRunner pid=15002)[0m                                            'lr_warmup_steps_ratio': 0.0,
[36m(TaskRunner pid=15002)[0m                                            'min_lr_ratio': 0.0,
[36m(TaskRunner pid=15002)[0m                                            'num_cycles': 0.5,
[36m(TaskRunner pid=15002)[0m                                            'optimizer': 'AdamW',
[36m(TaskRunner pid=15002)[0m                                            'optimizer_impl': 'torch.optim',
[36m(TaskRunner pid=15002)[0m                                            'override_optimizer_config': None,
[36m(TaskRunner pid=15002)[0m                                            'total_training_steps': -1,
[36m(TaskRunner pid=15002)[0m                                            'warmup_style': None,
[36m(TaskRunner pid=15002)[0m                                            'weight_decay': 0.01},
[36m(TaskRunner pid=15002)[0m                                  'policy_loss': {'_target_': 'verl.workers.config.PolicyLossConfig',
[36m(TaskRunner pid=15002)[0m                                                  'clip_cov_lb': 1.0,
[36m(TaskRunner pid=15002)[0m                                                  'clip_cov_ratio': 0.0002,
[36m(TaskRunner pid=15002)[0m                                                  'clip_cov_ub': 5.0,
[36m(TaskRunner pid=15002)[0m                                                  'kl_cov_ratio': 0.0002,
[36m(TaskRunner pid=15002)[0m                                                  'loss_mode': 'vopd',
[36m(TaskRunner pid=15002)[0m                                                  'ppo_kl_coef': 0.1},
[36m(TaskRunner pid=15002)[0m                                  'ppo_epochs': 1,
[36m(TaskRunner pid=15002)[0m                                  'ppo_max_token_len_per_gpu': 9216,
[36m(TaskRunner pid=15002)[0m                                  'ppo_micro_batch_size': None,
[36m(TaskRunner pid=15002)[0m                                  'ppo_micro_batch_size_per_gpu': 1,
[36m(TaskRunner pid=15002)[0m                                  'ppo_mini_batch_size': 8,
[36m(TaskRunner pid=15002)[0m                                  'profiler': {'_target_': 'verl.utils.profiler.ProfilerConfig',
[36m(TaskRunner pid=15002)[0m                                               'all_ranks': False,
[36m(TaskRunner pid=15002)[0m                                               'enable': False,
[36m(TaskRunner pid=15002)[0m                                               'ranks': [],
[36m(TaskRunner pid=15002)[0m                                               'save_path': 'outputs/profile',
[36m(TaskRunner pid=15002)[0m                                               'tool': None,
[36m(TaskRunner pid=15002)[0m                                               'tool_config': {'npu': {'_target_': 'verl.utils.profiler.config.NPUToolConfig',
[36m(TaskRunner pid=15002)[0m                                                                       'analysis': True,
[36m(TaskRunner pid=15002)[0m                                                                       'contents': [],
[36m(TaskRunner pid=15002)[0m                                                                       'discrete': False,
[36m(TaskRunner pid=15002)[0m                                                                       'level': 'level0'},
[36m(TaskRunner pid=15002)[0m                                                               'nsys': {'_target_': 'verl.utils.profiler.config.NsightToolConfig',
[36m(TaskRunner pid=15002)[0m                                                                        'discrete': False},
[36m(TaskRunner pid=15002)[0m                                                               'torch': {'_target_': 'verl.utils.profiler.config.TorchProfilerToolConfig',
[36m(TaskRunner pid=15002)[0m                                                                         'step_end': None,
[36m(TaskRunner pid=15002)[0m                                                                         'step_start': 0},
[36m(TaskRunner pid=15002)[0m                                                               'torch_memory': {'_target_': 'verl.utils.profiler.config.TorchMemoryToolConfig',
[36m(TaskRunner pid=15002)[0m                                                                                'stack_depth': 32,
[36m(TaskRunner pid=15002)[0m                                                                                'trace_alloc_max_entries': 100000}}},
[36m(TaskRunner pid=15002)[0m                                  'rollout_n': 1,
[36m(TaskRunner pid=15002)[0m                                  'router_replay': {'_target_': 'verl.workers.config.RouterReplayConfig',
[36m(TaskRunner pid=15002)[0m                                                    'mode': 'disabled',
[36m(TaskRunner pid=15002)[0m                                                    'record_file': None,
[36m(TaskRunner pid=15002)[0m                                                    'replay_file': None},
[36m(TaskRunner pid=15002)[0m                                  'self_distillation': {'_target_': 'verl.workers.config.SelfDistillationConfig',
[36m(TaskRunner pid=15002)[0m                                                        'alpha': 0.5,
[36m(TaskRunner pid=15002)[0m                                                        'answer_hint_template': '\n'
[36m(TaskRunner pid=15002)[0m                                                                                '\n'
[36m(TaskRunner pid=15002)[0m                                                                                'Here '
[36m(TaskRunner pid=15002)[0m                                                                                'is '
[36m(TaskRunner pid=15002)[0m                                                                                'a '
[36m(TaskRunner pid=15002)[0m                                                                                'reference '
[36m(TaskRunner pid=15002)[0m                                                                                'solution '
[36m(TaskRunner pid=15002)[0m                                                                                'to '
[36m(TaskRunner pid=15002)[0m                                                                                'this '
[36m(TaskRunner pid=15002)[0m                                                                                'problem:\n'
[36m(TaskRunner pid=15002)[0m                                                                                '{answer}\n'
[36m(TaskRunner pid=15002)[0m                                                                                '\n'
[36m(TaskRunner pid=15002)[0m                                                                                'After '
[36m(TaskRunner pid=15002)[0m                                                                                'understanding '
[36m(TaskRunner pid=15002)[0m                                                                                'the '
[36m(TaskRunner pid=15002)[0m                                                                                'reference '
[36m(TaskRunner pid=15002)[0m                                                                                'solution, '
[36m(TaskRunner pid=15002)[0m                                                                                'please '
[36m(TaskRunner pid=15002)[0m                                                                                'try '
[36m(TaskRunner pid=15002)[0m                                                                                'to '
[36m(TaskRunner pid=15002)[0m                                                                                'solve '
[36m(TaskRunner pid=15002)[0m                                                                                'this '
[36m(TaskRunner pid=15002)[0m                                                                                'problem '
[36m(TaskRunner pid=15002)[0m                                                                                'using '
[36m(TaskRunner pid=15002)[0m                                                                                'your '
[36m(TaskRunner pid=15002)[0m                                                                                'own '
[36m(TaskRunner pid=15002)[0m                                                                                'approach '
[36m(TaskRunner pid=15002)[0m                                                                                'below:',
[36m(TaskRunner pid=15002)[0m                                                        'distillation_add_tail': True,
[36m(TaskRunner pid=15002)[0m                                                        'distillation_topk': 100,
[36m(TaskRunner pid=15002)[0m                                                        'dont_reprompt_on_self_success': True,
[36m(TaskRunner pid=15002)[0m                                                        'environment_feedback_only_without_solution': True,
[36m(TaskRunner pid=15002)[0m                                                        'fallback_to_policy_loss_on_missing_teacher': False,
[36m(TaskRunner pid=15002)[0m                                                        'feedback_template': '\n'
[36m(TaskRunner pid=15002)[0m                                                                             'The '
[36m(TaskRunner pid=15002)[0m                                                                             'following '
[36m(TaskRunner pid=15002)[0m                                                                             'is '
[36m(TaskRunner pid=15002)[0m                                                                             'feedback '
[36m(TaskRunner pid=15002)[0m                                                                             'from '
[36m(TaskRunner pid=15002)[0m                                                                             'your '
[36m(TaskRunner pid=15002)[0m                                                                             'unsuccessful '
[36m(TaskRunner pid=15002)[0m                                                                             'earlier '
[36m(TaskRunner pid=15002)[0m                                                                             'attempt:\n'
[36m(TaskRunner pid=15002)[0m                                                                             '\n'
[36m(TaskRunner pid=15002)[0m                                                                             '{feedback_raw}',
[36m(TaskRunner pid=15002)[0m                                                        'full_logit_distillation': True,
[36m(TaskRunner pid=15002)[0m                                                        'gamma': 1.0,
[36m(TaskRunner pid=15002)[0m                                                        'include_environment_feedback': False,
[36m(TaskRunner pid=15002)[0m                                                        'is_clip': 2.0,
[36m(TaskRunner pid=15002)[0m                                                        'log_prob_dump_dir': '/root/autodl-tmp/Vision-OPD-main/artifacts/runs/E-D11-6K-GATE-001/pilot/64/evidence/log_probs',
[36m(TaskRunner pid=15002)[0m                                                        'max_reprompt_len': 10240,
[36m(TaskRunner pid=15002)[0m                                                        'remove_thinking_from_demonstration': True,
[36m(TaskRunner pid=15002)[0m                                                        'reprompt_template': '{prompt}{solution}{feedback}\n'
[36m(TaskRunner pid=15002)[0m                                                                             '\n'
[36m(TaskRunner pid=15002)[0m                                                                             'Correctly '
[36m(TaskRunner pid=15002)[0m                                                                             'solve '
[36m(TaskRunner pid=15002)[0m                                                                             'the '
[36m(TaskRunner pid=15002)[0m                                                                             'original '
[36m(TaskRunner pid=15002)[0m                                                                             'question.',
[36m(TaskRunner pid=15002)[0m                                                        'reprompt_truncation': 'right',
[36m(TaskRunner pid=15002)[0m                                                        'solution_template': '\n'
[36m(TaskRunner pid=15002)[0m                                                                             'Correct '
[36m(TaskRunner pid=15002)[0m                                                                             'solution:\n'
[36m(TaskRunner pid=15002)[0m                                                                             '\n'
[36m(TaskRunner pid=15002)[0m                                                                             '{successful_previous_attempt}',
[36m(TaskRunner pid=15002)[0m                                                        'success_reward_threshold': 0.5,
[36m(TaskRunner pid=15002)[0m                                                        'teacher_always_on': True,
[36m(TaskRunner pid=15002)[0m                                                        'teacher_image_key': 'bbox_images',
[36m(TaskRunner pid=15002)[0m                                                        'teacher_model_path': None,
[36m(TaskRunner pid=15002)[0m                                                        'teacher_model_source': 'legacy',
[36m(TaskRunner pid=15002)[0m                                                        'teacher_prompt_mode': None,
[36m(TaskRunner pid=15002)[0m                                                        'teacher_regularization': 'ema',
[36m(TaskRunner pid=15002)[0m                                                        'teacher_update_interval': None,
[36m(TaskRunner pid=15002)[0m                                                        'teacher_update_rate': 0.05},
[36m(TaskRunner pid=15002)[0m                                  'shuffle': False,
[36m(TaskRunner pid=15002)[0m                                  'strategy': 'fsdp',
[36m(TaskRunner pid=15002)[0m                                  'sum_pi_squared_checkpointing': False,
[36m(TaskRunner pid=15002)[0m                                  'tau_neg': 1.05,
[36m(TaskRunner pid=15002)[0m                                  'tau_pos': 1.0,
[36m(TaskRunner pid=15002)[0m                                  'ulysses_sequence_parallel_size': 1,
[36m(TaskRunner pid=15002)[0m                                  'use_dynamic_bsz': True,
[36m(TaskRunner pid=15002)[0m                                  'use_fused_kernels': False,
[36m(TaskRunner pid=15002)[0m                                  'use_kl_loss': False,
[36m(TaskRunner pid=15002)[0m                                  'use_prefix_grouper': False,
[36m(TaskRunner pid=15002)[0m                                  'use_remove_padding': True,
[36m(TaskRunner pid=15002)[0m                                  'use_torch_compile': True},
[36m(TaskRunner pid=15002)[0m                        'hybrid_engine': True,
[36m(TaskRunner pid=15002)[0m                        'model': {'_target_': 'verl.workers.config.HFModelConfig',
[36m(TaskRunner pid=15002)[0m                                  'custom_chat_template': None,
[36m(TaskRunner pid=15002)[0m                                  'custom_chat_template_file': '/root/autodl-tmp/Vision-OPD-main/chat_templates/perception_chat_template_qwen35.jinja',
[36m(TaskRunner pid=15002)[0m                                  'enable_activation_offload': False,
[36m(TaskRunner pid=15002)[0m                                  'enable_gradient_checkpointing': True,
[36m(TaskRunner pid=15002)[0m                                  'exclude_modules': None,
[36m(TaskRunner pid=15002)[0m                                  'external_lib': None,
[36m(TaskRunner pid=15002)[0m                                  'fused_kernel_options': {'impl_backend': 'torch'},
[36m(TaskRunner pid=15002)[0m                                  'hf_config_path': None,
[36m(TaskRunner pid=15002)[0m                                  'lora_adapter_path': None,
[36m(TaskRunner pid=15002)[0m                                  'lora_alpha': 16,
[36m(TaskRunner pid=15002)[0m                                  'lora_rank': 0,
[36m(TaskRunner pid=15002)[0m                                  'override_config': {},
[36m(TaskRunner pid=15002)[0m                                  'path': '/root/autodl-tmp/models/Qwen3.5-4B',
[36m(TaskRunner pid=15002)[0m                                  'target_modules': 'all-linear',
[36m(TaskRunner pid=15002)[0m                                  'tiled_mlp': {'enabled': False,
[36m(TaskRunner pid=15002)[0m                                                'num_shards': 4},
[36m(TaskRunner pid=15002)[0m                                  'tokenizer_path': None,
[36m(TaskRunner pid=15002)[0m                                  'trust_remote_code': True,
[36m(TaskRunner pid=15002)[0m                                  'use_fused_kernels': False,
[36m(TaskRunner pid=15002)[0m                                  'use_liger': False,
[36m(TaskRunner pid=15002)[0m                                  'use_remove_padding': True,
[36m(TaskRunner pid=15002)[0m                                  'use_shm': False},
[36m(TaskRunner pid=15002)[0m                        'nccl_timeout': 600,
[36m(TaskRunner pid=15002)[0m                        'ref': {'_target_': 'verl.workers.config.FSDPActorConfig',
[36m(TaskRunner pid=15002)[0m                                'entropy_checkpointing': False,
[36m(TaskRunner pid=15002)[0m                                'entropy_from_logits_with_chunking': False,
[36m(TaskRunner pid=15002)[0m                                'fsdp_config': {'_target_': 'verl.workers.config.FSDPEngineConfig',
[36m(TaskRunner pid=15002)[0m                                                'dtype': 'bfloat16',
[36m(TaskRunner pid=15002)[0m                                                'entropy_checkpointing': False,
[36m(TaskRunner pid=15002)[0m                                                'entropy_from_logits_with_chunking': False,
[36m(TaskRunner pid=15002)[0m                                                'forward_only': True,
[36m(TaskRunner pid=15002)[0m                                                'forward_prefetch': False,
[36m(TaskRunner pid=15002)[0m                                                'fsdp_size': -1,
[36m(TaskRunner pid=15002)[0m                                                'full_determinism': False,
[36m(TaskRunner pid=15002)[0m                                                'model_dtype': 'fp32',
[36m(TaskRunner pid=15002)[0m                                                'offload_policy': False,
[36m(TaskRunner pid=15002)[0m                                                'optimizer_offload': False,
[36m(TaskRunner pid=15002)[0m                                                'param_offload': True,
[36m(TaskRunner pid=15002)[0m                                                'reshard_after_forward': True,
[36m(TaskRunner pid=15002)[0m                                                'seed': 42,
[36m(TaskRunner pid=15002)[0m                                                'strategy': 'fsdp',
[36m(TaskRunner pid=15002)[0m                                                'ulysses_sequence_parallel_size': 1,
[36m(TaskRunner pid=15002)[0m                                                'use_orig_params': False,
[36m(TaskRunner pid=15002)[0m                                                'use_torch_compile': True,
[36m(TaskRunner pid=15002)[0m                                                'wrap_policy': {'min_num_params': 0}},
[36m(TaskRunner pid=15002)[0m                                'log_prob_max_token_len_per_gpu': 9216,
[36m(TaskRunner pid=15002)[0m                                'log_prob_micro_batch_size': None,
[36m(TaskRunner pid=15002)[0m                                'log_prob_micro_batch_size_per_gpu': 1,
[36m(TaskRunner pid=15002)[0m                                'log_prob_use_dynamic_bsz': True,
[36m(TaskRunner pid=15002)[0m                                'profiler': {'_target_': 'verl.utils.profiler.ProfilerConfig',
[36m(TaskRunner pid=15002)[0m                                             'all_ranks': False,
[36m(TaskRunner pid=15002)[0m                                             'enable': False,
[36m(TaskRunner pid=15002)[0m                                             'ranks': [],
[36m(TaskRunner pid=15002)[0m                                             'save_path': 'outputs/profile',
[36m(TaskRunner pid=15002)[0m                                             'tool': None,
[36m(TaskRunner pid=15002)[0m                                             'tool_config': {'npu': {'_target_': 'verl.utils.profiler.config.NPUToolConfig',
[36m(TaskRunner pid=15002)[0m                                                                     'analysis': True,
[36m(TaskRunner pid=15002)[0m                                                                     'contents': [],
[36m(TaskRunner pid=15002)[0m                                                                     'discrete': False,
[36m(TaskRunner pid=15002)[0m                                                                     'level': 'level0'},
[36m(TaskRunner pid=15002)[0m                                                             'nsys': {'_target_': 'verl.utils.profiler.config.NsightToolConfig',
[36m(TaskRunner pid=15002)[0m                                                                      'discrete': False},
[36m(TaskRunner pid=15002)[0m                                                             'torch': {'_target_': 'verl.utils.profiler.config.TorchProfilerToolConfig',
[36m(TaskRunner pid=15002)[0m                                                                       'step_end': None,
[36m(TaskRunner pid=15002)[0m                                                                       'step_start': 0},
[36m(TaskRunner pid=15002)[0m                                                             'torch_memory': {'_target_': 'verl.utils.profiler.config.TorchMemoryToolConfig',
[36m(TaskRunner pid=15002)[0m                                                                              'stack_depth': 32,
[36m(TaskRunner pid=15002)[0m                                                                              'trace_alloc_max_entries': 100000}}},
[36m(TaskRunner pid=15002)[0m                                'rollout_n': 1,
[36m(TaskRunner pid=15002)[0m                                'router_replay': {'_target_': 'verl.workers.config.RouterReplayConfig',
[36m(TaskRunner pid=15002)[0m                                                  'mode': 'disabled',
[36m(TaskRunner pid=15002)[0m                                                  'record_file': None,
[36m(TaskRunner pid=15002)[0m                                                  'replay_file': None},
[36m(TaskRunner pid=15002)[0m                                'strategy': 'fsdp',
[36m(TaskRunner pid=15002)[0m                                'ulysses_sequence_parallel_size': 1,
[36m(TaskRunner pid=15002)[0m                                'use_torch_compile': True},
[36m(TaskRunner pid=15002)[0m                        'rollout': {'_target_': 'verl.workers.config.RolloutConfig',
[36m(TaskRunner pid=15002)[0m                                    'agent': {'_target_': 'verl.workers.config.AgentLoopConfig',
[36m(TaskRunner pid=15002)[0m                                              'agent_loop_config_path': None,
[36m(TaskRunner pid=15002)[0m                                              'custom_async_server': {'_target_': 'verl.workers.config.CustomAsyncServerConfig',
[36m(TaskRunner pid=15002)[0m                                                                      'name': None,
[36m(TaskRunner pid=15002)[0m                                                                      'path': None},
[36m(TaskRunner pid=15002)[0m                                              'default_agent_loop': 'single_turn_agent',
[36m(TaskRunner pid=15002)[0m                                              'num_workers': 2},
[36m(TaskRunner pid=15002)[0m                                    'calculate_log_probs': True,
[36m(TaskRunner pid=15002)[0m                                    'cudagraph_capture_sizes': None,
[36m(TaskRunner pid=15002)[0m                                    'data_parallel_size': 1,
[36m(TaskRunner pid=15002)[0m                                    'disable_log_stats': True,
[36m(TaskRunner pid=15002)[0m                                    'do_sample': True,
[36m(TaskRunner pid=15002)[0m                                    'dtype': 'bfloat16',
[36m(TaskRunner pid=15002)[0m                                    'enable_chunked_prefill': True,
[36m(TaskRunner pid=15002)[0m                                    'enable_prefix_caching': True,
[36m(TaskRunner pid=15002)[0m                                    'enable_rollout_routing_replay': False,
[36m(TaskRunner pid=15002)[0m                                    'enforce_eager': False,
[36m(TaskRunner pid=15002)[0m                                    'engine_kwargs': {'sglang': {},
[36m(TaskRunner pid=15002)[0m                                                      'vllm': {'compilation_config': {'cudagraph_capture_sizes': [1,
[36m(TaskRunner pid=15002)[0m                                                                                                                  2,
[36m(TaskRunner pid=15002)[0m                                                                                                                  4,
[36m(TaskRunner pid=15002)[0m                                                                                                                  8],
[36m(TaskRunner pid=15002)[0m                                                                                      'pass_config': {'fuse_allreduce_rms': False}},
[36m(TaskRunner pid=15002)[0m                                                               'kernel_config': {'enable_flashinfer_autotune': False}}},
[36m(TaskRunner pid=15002)[0m                                    'expert_parallel_size': 1,
[36m(TaskRunner pid=15002)[0m                                    'free_cache_engine': True,
[36m(TaskRunner pid=15002)[0m                                    'gpu_memory_utilization': 0.4,
[36m(TaskRunner pid=15002)[0m                                    'ignore_eos': False,
[36m(TaskRunner pid=15002)[0m                                    'layered_summon': False,
[36m(TaskRunner pid=15002)[0m                                    'load_format': 'dummy',
[36m(TaskRunner pid=15002)[0m                                    'log_prob_max_token_len_per_gpu': 9216,
[36m(TaskRunner pid=15002)[0m                                    'log_prob_micro_batch_size': None,
[36m(TaskRunner pid=15002)[0m                                    'log_prob_micro_batch_size_per_gpu': 1,
[36m(TaskRunner pid=15002)[0m                                    'log_prob_use_dynamic_bsz': True,
[36m(TaskRunner pid=15002)[0m                                    'logprobs_mode': 'processed_logprobs',
[36m(TaskRunner pid=15002)[0m                                    'max_model_len': 9216,
[36m(TaskRunner pid=15002)[0m                                    'max_num_batched_tokens': 9216,
[36m(TaskRunner pid=15002)[0m                                    'max_num_seqs': 1024,
[36m(TaskRunner pid=15002)[0m                                    'mode': 'async',
[36m(TaskRunner pid=15002)[0m                                    'multi_stage_wake_up': False,
[36m(TaskRunner pid=15002)[0m                                    'multi_turn': {'_target_': 'verl.workers.config.MultiTurnConfig',
[36m(TaskRunner pid=15002)[0m                                                   'enable': False,
[36m(TaskRunner pid=15002)[0m                                                   'format': 'hermes',
[36m(TaskRunner pid=15002)[0m                                                   'interaction_config_path': None,
[36m(TaskRunner pid=15002)[0m                                                   'max_assistant_turns': None,
[36m(TaskRunner pid=15002)[0m                                                   'max_parallel_calls': 1,
[36m(TaskRunner pid=15002)[0m                                                   'max_tool_response_length': 256,
[36m(TaskRunner pid=15002)[0m                                                   'max_user_turns': None,
[36m(TaskRunner pid=15002)[0m                                                   'num_repeat_rollouts': None,
[36m(TaskRunner pid=15002)[0m                                                   'tokenization_sanity_check_mode': 'strict',
[36m(TaskRunner pid=15002)[0m                                                   'tool_config_path': None,
[36m(TaskRunner pid=15002)[0m                                                   'tool_response_truncate_side': 'middle',
[36m(TaskRunner pid=15002)[0m                                                   'use_inference_chat_template': False},
[36m(TaskRunner pid=15002)[0m                                    'n': 1,
[36m(TaskRunner pid=15002)[0m                                    'name': 'vllm',
[36m(TaskRunner pid=15002)[0m                                    'over_sample_rate': 0,
[36m(TaskRunner pid=15002)[0m                                    'pipeline_model_parallel_size': 1,
[36m(TaskRunner pid=15002)[0m                                    'profiler': {'_target_': 'verl.utils.profiler.ProfilerConfig',
[36m(TaskRunner pid=15002)[0m                                                 'all_ranks': False,
[36m(TaskRunner pid=15002)[0m                                                 'enable': False,
[36m(TaskRunner pid=15002)[0m                                                 'ranks': [],
[36m(TaskRunner pid=15002)[0m                                                 'save_path': 'outputs/profile',
[36m(TaskRunner pid=15002)[0m                                                 'tool': None,
[36m(TaskRunner pid=15002)[0m                                                 'tool_config': {'npu': {'_target_': 'verl.utils.profiler.config.NPUToolConfig',
[36m(TaskRunner pid=15002)[0m                                                                         'analysis': True,
[36m(TaskRunner pid=15002)[0m                                                                         'contents': [],
[36m(TaskRunner pid=15002)[0m                                                                         'discrete': False,
[36m(TaskRunner pid=15002)[0m                                                                         'level': 'level0'},
[36m(TaskRunner pid=15002)[0m                                                                 'nsys': {'_target_': 'verl.utils.profiler.config.NsightToolConfig',
[36m(TaskRunner pid=15002)[0m                                                                          'discrete': False},
[36m(TaskRunner pid=15002)[0m                                                                 'torch': {'_target_': 'verl.utils.profiler.config.TorchProfilerToolConfig',
[36m(TaskRunner pid=15002)[0m                                                                           'step_end': None,
[36m(TaskRunner pid=15002)[0m                                                                           'step_start': 0},
[36m(TaskRunner pid=15002)[0m                                                                 'torch_memory': {'_target_': 'verl.utils.profiler.config.TorchMemoryToolConfig',
[36m(TaskRunner pid=15002)[0m                                                                                  'stack_depth': 32,
[36m(TaskRunner pid=15002)[0m                                                                                  'trace_alloc_max_entries': 100000}}},
[36m(TaskRunner pid=15002)[0m                                    'prometheus': {'_target_': 'verl.workers.config.PrometheusConfig',
[36m(TaskRunner pid=15002)[0m                                                   'enable': False,
[36m(TaskRunner pid=15002)[0m                                                   'file': '/tmp/ray/session_latest/metrics/prometheus/prometheus.yml',
[36m(TaskRunner pid=15002)[0m                                                   'port': 9090,
[36m(TaskRunner pid=15002)[0m                                                   'served_model_name': '/root/autodl-tmp/models/Qwen3.5-4B'},
[36m(TaskRunner pid=15002)[0m                                    'prompt_length': 8192,
[36m(TaskRunner pid=15002)[0m                                    'quantization': None,
[36m(TaskRunner pid=15002)[0m                                    'quantization_config_file': None,
[36m(TaskRunner pid=15002)[0m                                    'response_length': 1024,
[36m(TaskRunner pid=15002)[0m                                    'scheduling_policy': 'fcfs',
[36m(TaskRunner pid=15002)[0m                                    'skip_dump_dir': '/tmp/rollout_dump',
[36m(TaskRunner pid=15002)[0m                                    'skip_rollout': False,
[36m(TaskRunner pid=15002)[0m                                    'skip_tokenizer_init': True,
[36m(TaskRunner pid=15002)[0m                                    'temperature': 1.0,
[36m(TaskRunner pid=15002)[0m                                    'tensor_model_parallel_size': 1,
[36m(TaskRunner pid=15002)[0m                                    'top_k': -1,
[36m(TaskRunner pid=15002)[0m                                    'top_p': 1.0,
[36m(TaskRunner pid=15002)[0m                                    'trace': {'_target_': 'verl.workers.config.TraceConfig',
[36m(TaskRunner pid=15002)[0m                                              'backend': None,
[36m(TaskRunner pid=15002)[0m                                              'max_samples_per_step_per_worker': None,
[36m(TaskRunner pid=15002)[0m                                              'token2text': False},
[36m(TaskRunner pid=15002)[0m                                    'update_weights_bucket_megabytes': 512,
[36m(TaskRunner pid=15002)[0m                                    'val_kwargs': {'_target_': 'verl.workers.config.SamplingConfig',
[36m(TaskRunner pid=15002)[0m                                                   'do_sample': False,
[36m(TaskRunner pid=15002)[0m                                                   'n': 1,
[36m(TaskRunner pid=15002)[0m                                                   'temperature': 0,
[36m(TaskRunner pid=15002)[0m                                                   'top_k': -1,
[36m(TaskRunner pid=15002)[0m                                                   'top_p': 1.0}}},
[36m(TaskRunner pid=15002)[0m  'algorithm': {'_target_': 'verl.trainer.config.AlgoConfig',
[36m(TaskRunner pid=15002)[0m                'adv_estimator': 'grpo',
[36m(TaskRunner pid=15002)[0m                'gamma': 1.0,
[36m(TaskRunner pid=15002)[0m                'kl_ctrl': {'_target_': 'verl.trainer.config.KLControlConfig',
[36m(TaskRunner pid=15002)[0m                            'horizon': 10000,
[36m(TaskRunner pid=15002)[0m                            'kl_coef': 0.001,
[36m(TaskRunner pid=15002)[0m                            'target_kl': 0.1,
[36m(TaskRunner pid=15002)[0m                            'type': 'fixed'},
[36m(TaskRunner pid=15002)[0m                'kl_penalty': 'kl',
[36m(TaskRunner pid=15002)[0m                'lam': 1.0,
[36m(TaskRunner pid=15002)[0m                'norm_adv_by_std_in_grpo': False,
[36m(TaskRunner pid=15002)[0m                'pf_ppo': {'reweight_method': 'pow', 'weight_pow': 2.0},
[36m(TaskRunner pid=15002)[0m                'rollout_correction': {'bypass_mode': False,
[36m(TaskRunner pid=15002)[0m                                       'loss_type': 'ppo_clip',
[36m(TaskRunner pid=15002)[0m                                       'rollout_is': 'token',
[36m(TaskRunner pid=15002)[0m                                       'rollout_is_batch_normalize': False,
[36m(TaskRunner pid=15002)[0m                                       'rollout_is_threshold': 2.0,
[36m(TaskRunner pid=15002)[0m                                       'rollout_rs': None,
[36m(TaskRunner pid=15002)[0m                                       'rollout_rs_threshold': None},
[36m(TaskRunner pid=15002)[0m                'use_kl_in_reward': False,
[36m(TaskRunner pid=15002)[0m                'use_pf_ppo': False},
[36m(TaskRunner pid=15002)[0m  'critic': {'_target_': 'verl.workers.config.FSDPCriticConfig',
[36m(TaskRunner pid=15002)[0m             'checkpoint': {'_target_': 'verl.trainer.config.CheckpointConfig',
[36m(TaskRunner pid=15002)[0m                            'async_save': False,
[36m(TaskRunner pid=15002)[0m                            'load_contents': ['model', 'optimizer', 'extra'],
[36m(TaskRunner pid=15002)[0m                            'save_contents': ['model', 'optimizer', 'extra']},
[36m(TaskRunner pid=15002)[0m             'cliprange_value': 0.5,
[36m(TaskRunner pid=15002)[0m             'data_loader_seed': 42,
[36m(TaskRunner pid=15002)[0m             'enable': None,
[36m(TaskRunner pid=15002)[0m             'forward_max_token_len_per_gpu': 32768,
[36m(TaskRunner pid=15002)[0m             'forward_micro_batch_size': None,
[36m(TaskRunner pid=15002)[0m             'forward_micro_batch_size_per_gpu': None,
[36m(TaskRunner pid=15002)[0m             'grad_clip': 1.0,
[36m(TaskRunner pid=15002)[0m             'loss_agg_mode': 'token-mean',
[36m(TaskRunner pid=15002)[0m             'model': {'_target_': 'verl.workers.config.FSDPCriticModelCfg',
[36m(TaskRunner pid=15002)[0m                       'enable_activation_offload': False,
[36m(TaskRunner pid=15002)[0m                       'enable_gradient_checkpointing': True,
[36m(TaskRunner pid=15002)[0m                       'external_lib': None,
[36m(TaskRunner pid=15002)[0m                       'fsdp_config': {'_target_': 'verl.workers.config.FSDPEngineConfig',
[36m(TaskRunner pid=15002)[0m                                       'dtype': 'bfloat16',
[36m(TaskRunner pid=15002)[0m                                       'entropy_checkpointing': False,
[36m(TaskRunner pid=15002)[0m                                       'entropy_from_logits_with_chunking': False,
[36m(TaskRunner pid=15002)[0m                                       'forward_only': False,
[36m(TaskRunner pid=15002)[0m                                       'forward_prefetch': False,
[36m(TaskRunner pid=15002)[0m                                       'fsdp_size': -1,
[36m(TaskRunner pid=15002)[0m                                       'full_determinism': False,
[36m(TaskRunner pid=15002)[0m                                       'model_dtype': 'fp32',
[36m(TaskRunner pid=15002)[0m                                       'offload_policy': False,
[36m(TaskRunner pid=15002)[0m                                       'optimizer_offload': False,
[36m(TaskRunner pid=15002)[0m                                       'param_offload': False,
[36m(TaskRunner pid=15002)[0m                                       'reshard_after_forward': True,
[36m(TaskRunner pid=15002)[0m                                       'seed': 42,
[36m(TaskRunner pid=15002)[0m                                       'strategy': 'fsdp',
[36m(TaskRunner pid=15002)[0m                                       'ulysses_sequence_parallel_size': 1,
[36m(TaskRunner pid=15002)[0m                                       'use_orig_params': False,
[36m(TaskRunner pid=15002)[0m                                       'use_torch_compile': True,
[36m(TaskRunner pid=15002)[0m                                       'wrap_policy': {'min_num_params': 0}},
[36m(TaskRunner pid=15002)[0m                       'lora_alpha': 16,
[36m(TaskRunner pid=15002)[0m                       'lora_rank': 0,
[36m(TaskRunner pid=15002)[0m                       'override_config': {},
[36m(TaskRunner pid=15002)[0m                       'path': '/root/autodl-tmp/models/Qwen3.5-4B',
[36m(TaskRunner pid=15002)[0m                       'target_modules': 'all-linear',
[36m(TaskRunner pid=15002)[0m                       'tiled_mlp': {'enabled': False, 'num_shards': 4},
[36m(TaskRunner pid=15002)[0m                       'tokenizer_path': '/root/autodl-tmp/models/Qwen3.5-4B',
[36m(TaskRunner pid=15002)[0m                       'trust_remote_code': True,
[36m(TaskRunner pid=15002)[0m                       'use_remove_padding': False,
[36m(TaskRunner pid=15002)[0m                       'use_shm': False},
[36m(TaskRunner pid=15002)[0m             'optim': {'_target_': 'verl.workers.config.FSDPOptimizerConfig',
[36m(TaskRunner pid=15002)[0m                       'betas': [0.9, 0.999],
[36m(TaskRunner pid=15002)[0m                       'clip_grad': 1.0,
[36m(TaskRunner pid=15002)[0m                       'lr': 1e-05,
[36m(TaskRunner pid=15002)[0m                       'lr_scheduler_type': 'constant',
[36m(TaskRunner pid=15002)[0m                       'lr_warmup_steps': -1,
[36m(TaskRunner pid=15002)[0m                       'lr_warmup_steps_ratio': 0.0,
[36m(TaskRunner pid=15002)[0m                       'min_lr_ratio': 0.0,
[36m(TaskRunner pid=15002)[0m                       'num_cycles': 0.5,
[36m(TaskRunner pid=15002)[0m                       'optimizer': 'AdamW',
[36m(TaskRunner pid=15002)[0m                       'optimizer_impl': 'torch.optim',
[36m(TaskRunner pid=15002)[0m                       'override_optimizer_config': None,
[36m(TaskRunner pid=15002)[0m                       'total_training_steps': -1,
[36m(TaskRunner pid=15002)[0m                       'warmup_style': None,
[36m(TaskRunner pid=15002)[0m                       'weight_decay': 0.01},
[36m(TaskRunner pid=15002)[0m             'ppo_epochs': 1,
[36m(TaskRunner pid=15002)[0m             'ppo_max_token_len_per_gpu': 32768,
[36m(TaskRunner pid=15002)[0m             'ppo_micro_batch_size': None,
[36m(TaskRunner pid=15002)[0m             'ppo_micro_batch_size_per_gpu': None,
[36m(TaskRunner pid=15002)[0m             'ppo_mini_batch_size': 8,
[36m(TaskRunner pid=15002)[0m             'profiler': {'_target_': 'verl.utils.profiler.ProfilerConfig',
[36m(TaskRunner pid=15002)[0m                          'all_ranks': False,
[36m(TaskRunner pid=15002)[0m                          'enable': False,
[36m(TaskRunner pid=15002)[0m                          'ranks': [],
[36m(TaskRunner pid=15002)[0m                          'save_path': 'outputs/profile',
[36m(TaskRunner pid=15002)[0m                          'tool': None,
[36m(TaskRunner pid=15002)[0m                          'tool_config': {'npu': {'_target_': 'verl.utils.profiler.config.NPUToolConfig',
[36m(TaskRunner pid=15002)[0m                                                  'analysis': True,
[36m(TaskRunner pid=15002)[0m                                                  'contents': [],
[36m(TaskRunner pid=15002)[0m                                                  'discrete': False,
[36m(TaskRunner pid=15002)[0m                                                  'level': 'level0'},
[36m(TaskRunner pid=15002)[0m                                          'nsys': {'_target_': 'verl.utils.profiler.config.NsightToolConfig',
[36m(TaskRunner pid=15002)[0m                                                   'discrete': False},
[36m(TaskRunner pid=15002)[0m                                          'torch': {'_target_': 'verl.utils.profiler.config.TorchProfilerToolConfig',
[36m(TaskRunner pid=15002)[0m                                                    'step_end': None,
[36m(TaskRunner pid=15002)[0m                                                    'step_start': 0},
[36m(TaskRunner pid=15002)[0m                                          'torch_memory': {'_target_': 'verl.utils.profiler.config.TorchMemoryToolConfig',
[36m(TaskRunner pid=15002)[0m                                                           'stack_depth': 32,
[36m(TaskRunner pid=15002)[0m                                                           'trace_alloc_max_entries': 100000}}},
[36m(TaskRunner pid=15002)[0m             'rollout_n': 1,
[36m(TaskRunner pid=15002)[0m             'shuffle': False,
[36m(TaskRunner pid=15002)[0m             'strategy': 'fsdp',
[36m(TaskRunner pid=15002)[0m             'ulysses_sequence_parallel_size': 1,
[36m(TaskRunner pid=15002)[0m             'use_dynamic_bsz': True},
[36m(TaskRunner pid=15002)[0m  'custom_reward_function': {'name': 'compute_score', 'path': None},
[36m(TaskRunner pid=15002)[0m  'data': 
[36m(TaskRunner pid=15002)[0m {'apply_chat_template_kwargs': {},
[36m(TaskRunner pid=15002)[0m           'custom_cls': {'name': None, 'path': None},
[36m(TaskRunner pid=15002)[0m           'datagen': {'name': None, 'path': None},
[36m(TaskRunner pid=15002)[0m           'dataloader_num_workers': 0,
[36m(TaskRunner pid=15002)[0m           'filter_overlong_prompts': False,
[36m(TaskRunner pid=15002)[0m           'filter_overlong_prompts_workers': 1,
[36m(TaskRunner pid=15002)[0m           'full_coverage_padding': {'enabled': False,
[36m(TaskRunner pid=15002)[0m                                     'expected_padding_rows': 0,
[36m(TaskRunner pid=15002)[0m                                     'expected_unique_samples': 64,
[36m(TaskRunner pid=15002)[0m                                     'multiple': 8,
[36m(TaskRunner pid=15002)[0m                                     'padding_source_index': 0,
[36m(TaskRunner pid=15002)[0m                                     'receipt_path': '/root/autodl-tmp/Vision-OPD-main/artifacts/runs/E-D11-6K-GATE-001/pilot/64/evidence/full_coverage_receipt.json'},
[36m(TaskRunner pid=15002)[0m           'image_key': 'images',
[36m(TaskRunner pid=15002)[0m           'image_patch_size': 14,
[36m(TaskRunner pid=15002)[0m           'max_prompt_length': 8192,
[36m(TaskRunner pid=15002)[0m           'max_response_length': 1024,
[36m(TaskRunner pid=15002)[0m           'prompt_key': 'prompt',
[36m(TaskRunner pid=15002)[0m           'return_full_prompt': False,
[36m(TaskRunner pid=15002)[0m           'return_multi_modal_inputs': True,
[36m(TaskRunner pid=15002)[0m           'return_raw_chat': True,
[36m(TaskRunner pid=15002)[0m           'return_raw_input_ids': False,
[36m(TaskRunner pid=15002)[0m           'reward_fn_key': 'data_source',
[36m(TaskRunner pid=15002)[0m           'sampler': {'class_name': None, 'class_path': None},
[36m(TaskRunner pid=15002)[0m           'seed': 42,
[36m(TaskRunner pid=15002)[0m           'shuffle': False,
[36m(TaskRunner pid=15002)[0m           'tokenizer': None,
[36m(TaskRunner pid=15002)[0m           'tool_config_path': None,
[36m(TaskRunner pid=15002)[0m           'train_batch_size': 8,
[36m(TaskRunner pid=15002)[0m           'train_files': ['/root/autodl-tmp/data/vision_opd_6241/pilot/train_pilot_64.parquet'],
[36m(TaskRunner pid=15002)[0m           'train_max_samples': -1,
[36m(TaskRunner pid=15002)[0m           'truncation': 'error',
[36m(TaskRunner pid=15002)[0m           'trust_remote_code': True,
[36m(TaskRunner pid=15002)[0m           'use_shm': False,
[36m(TaskRunner pid=15002)[0m           'val_batch_size': None,
[36m(TaskRunner pid=15002)[0m           'val_files': [],
[36m(TaskRunner pid=15002)[0m           'val_max_samples': -1,
[36m(TaskRunner pid=15002)[0m           'validation_shuffle': False,
[36m(TaskRunner pid=15002)[0m           'video_key': 'videos'},
[36m(TaskRunner pid=15002)[0m  'global_profiler': {'_target_': 'verl.utils.profiler.ProfilerConfig',
[36m(TaskRunner pid=15002)[0m                      'global_tool_config': {'nsys': {'_target_': 'verl.utils.profiler.config.NsightToolConfig',
[36m(TaskRunner pid=15002)[0m                                                      'controller_nsight_options': {'cuda-graph-trace': 'graph',
[36m(TaskRunner pid=15002)[0m                                                                                    'cuda-memory-usage': 'true',
[36m(TaskRunner pid=15002)[0m                                                                                    'trace': 'cuda,nvtx,cublas,ucx'},
[36m(TaskRunner pid=15002)[0m                                                      'discrete': False,
[36m(TaskRunner pid=15002)[0m                                                      'worker_nsight_options': {'capture-range': 'cudaProfilerApi',
[36m(TaskRunner pid=15002)[0m                                                                                'capture-range-end': None,
[36m(TaskRunner pid=15002)[0m                                                                                'cuda-graph-trace': 'graph',
[36m(TaskRunner pid=15002)[0m                                                                                'cuda-memory-usage': 'true',
[36m(TaskRunner pid=15002)[0m                                                                                'kill': 'none',
[36m(TaskRunner pid=15002)[0m                                                                                'trace': 'cuda,nvtx,cublas,ucx'}},
[36m(TaskRunner pid=15002)[0m                                             'torch_memory': {'context': 'all',
[36m(TaskRunner pid=15002)[0m                                                              'kw_args': {},
[36m(TaskRunner pid=15002)[0m                                                              'stack_depth': 32,
[36m(TaskRunner pid=15002)[0m                                                              'stacks': 'all',
[36m(TaskRunner pid=15002)[0m                                                              'trace_alloc_max_entries': 100000}},
[36m(TaskRunner pid=15002)[0m                      'profile_continuous_steps': False,
[36m(TaskRunner pid=15002)[0m                      'save_path': 'outputs/profile',
[36m(TaskRunner pid=15002)[0m                      'steps': None,
[36m(TaskRunner pid=15002)[0m                      'tool': None},
[36m(TaskRunner pid=15002)[0m  'max_model_len': 18944,
[36m(TaskRunner pid=15002)[0m  'ray_kwargs': {'ray_init': {'num_cpus': None}, 'timeline_json_file': None},
[36m(TaskRunner pid=15002)[0m  'reward_manager': {'_target_': 'verl.trainer.config.config.RewardManagerConfig',
[36m(TaskRunner pid=15002)[0m                     'module': {'_target_': 'verl.trainer.config.config.ModuleConfig',
[36m(TaskRunner pid=15002)[0m                                'name': 'custom_reward_manager',
[36m(TaskRunner pid=15002)[0m                                'path': None},
[36m(TaskRunner pid=15002)[0m                     'name': 'naive',
[36m(TaskRunner pid=15002)[0m                     'source': 'register'},
[36m(TaskRunner pid=15002)[0m  'reward_model': {'enable': False,
[36m(TaskRunner pid=15002)[0m                   'enable_resource_pool': False,
[36m(TaskRunner pid=15002)[0m                   'forward_max_token_len_per_gpu': 32768,
[36m(TaskRunner pid=15002)[0m                   'launch_reward_fn_async': False,
[36m(TaskRunner pid=15002)[0m                   'max_length': None,
[36m(TaskRunner pid=15002)[0m                   'micro_batch_size': None,
[36m(TaskRunner pid=15002)[0m                   'micro_batch_size_per_gpu': None,
[36m(TaskRunner pid=15002)[0m                   'model': {'external_lib': None,
[36m(TaskRunner pid=15002)[0m                             'fsdp_config': {'_target_': 'verl.workers.config.FSDPEngineConfig',
[36m(TaskRunner pid=15002)[0m                                             'forward_prefetch': False,
[36m(TaskRunner pid=15002)[0m                                             'fsdp_size': -1,
[36m(TaskRunner pid=15002)[0m                                             'param_offload': False,
[36m(TaskRunner pid=15002)[0m                                             'reshard_after_forward': True,
[36m(TaskRunner pid=15002)[0m                                             'wrap_policy': {'min_num_params': 0}},
[36m(TaskRunner pid=15002)[0m                             'input_tokenizer': '/root/autodl-tmp/models/Qwen3.5-4B',
[36m(TaskRunner pid=15002)[0m                             'override_config': {},
[36m(TaskRunner pid=15002)[0m                             'path': '~/models/FsfairX-LLaMA3-RM-v0.1',
[36m(TaskRunner pid=15002)[0m                             'trust_remote_code': False,
[36m(TaskRunner pid=15002)[0m                             'use_fused_kernels': False,
[36m(TaskRunner pid=15002)[0m                             'use_remove_padding': False,
[36m(TaskRunner pid=15002)[0m                             'use_shm': False},
[36m(TaskRunner pid=15002)[0m                   'n_gpus_per_node': 8,
[36m(TaskRunner pid=15002)[0m                   'nnodes': 0,
[36m(TaskRunner pid=15002)[0m                   'num_workers': 1,
[36m(TaskRunner pid=15002)[0m                   'profiler': {'_target_': 'verl.utils.profiler.ProfilerConfig',
[36m(TaskRunner pid=15002)[0m                                'all_ranks': False,
[36m(TaskRunner pid=15002)[0m                                'enable': False,
[36m(TaskRunner pid=15002)[0m                                'ranks': [],
[36m(TaskRunner pid=15002)[0m                                'save_path': 'outputs/profile',
[36m(TaskRunner pid=15002)[0m                                'tool': None,
[36m(TaskRunner pid=15002)[0m                                'tool_config': {'npu': {'_target_': 'verl.utils.profiler.config.NPUToolConfig',
[36m(TaskRunner pid=15002)[0m                                                        'analysis': True,
[36m(TaskRunner pid=15002)[0m                                                        'contents': [],
[36m(TaskRunner pid=15002)[0m                                                        'discrete': False,
[36m(TaskRunner pid=15002)[0m                                                        'level': 'level0'},
[36m(TaskRunner pid=15002)[0m                                                'nsys': {'_target_': 'verl.utils.profiler.config.NsightToolConfig',
[36m(TaskRunner pid=15002)[0m                                                         'discrete': False},
[36m(TaskRunner pid=15002)[0m                                                'torch': {'_target_': 'verl.utils.profiler.config.TorchProfilerToolConfig',
[36m(TaskRunner pid=15002)[0m                                                          'step_end': None,
[36m(TaskRunner pid=15002)[0m                                                          'step_start': 0},
[36m(TaskRunner pid=15002)[0m                                                'torch_memory': {'_target_': 'verl.utils.profiler.config.TorchMemoryToolConfig',
[36m(TaskRunner pid=15002)[0m                                                                 'stack_depth': 32,
[36m(TaskRunner pid=15002)[0m                                                                 'trace_alloc_max_entries': 100000}}},
[36m(TaskRunner pid=15002)[0m                   'reward_loop_class_name': None,
[36m(TaskRunner pid=15002)[0m                   'reward_loop_module_path': None,
[36m(TaskRunner pid=15002)[0m                   'reward_loop_source': 'register',
[36m(TaskRunner pid=15002)[0m                   'reward_manager': 'naive',
[36m(TaskRunner pid=15002)[0m                   'rollout': {'_target_': 'verl.workers.config.RolloutConfig',
[36m(TaskRunner pid=15002)[0m                               'cudagraph_capture_sizes': None,
[36m(TaskRunner pid=15002)[0m                               'data_parallel_size': 1,
[36m(TaskRunner pid=15002)[0m                               'disable_log_stats': True,
[36m(TaskRunner pid=15002)[0m                               'dtype': 'bfloat16',
[36m(TaskRunner pid=15002)[0m                               'enable_chunked_prefill': True,
[36m(TaskRunner pid=15002)[0m                               'enable_prefix_caching': True,
[36m(TaskRunner pid=15002)[0m                               'enforce_eager': True,
[36m(TaskRunner pid=15002)[0m                               'engine_kwargs': {},
[36m(TaskRunner pid=15002)[0m                               'expert_parallel_size': 1,
[36m(TaskRunner pid=15002)[0m                               'free_cache_engine': True,
[36m(TaskRunner pid=15002)[0m                               'gpu_memory_utilization': 0.5,
[36m(TaskRunner pid=15002)[0m                               'limit_images': None,
[36m(TaskRunner pid=15002)[0m                               'load_format': 'auto',
[36m(TaskRunner pid=15002)[0m                               'max_model_len': None,
[36m(TaskRunner pid=15002)[0m                               'max_num_batched_tokens': 8192,
[36m(TaskRunner pid=15002)[0m                               'max_num_seqs': 1024,
[36m(TaskRunner pid=15002)[0m                               'name': '???',
[36m(TaskRunner pid=15002)[0m                               'prompt_length': 2048,
[36m(TaskRunner pid=15002)[0m                               'response_length': 2048,
[36m(TaskRunner pid=15002)[0m                               'skip_tokenizer_init': False,
[36m(TaskRunner pid=15002)[0m                               'tensor_model_parallel_size': 2},
[36m(TaskRunner pid=15002)[0m                   'sandbox_fusion': {'max_concurrent': 64,
[36m(TaskRunner pid=15002)[0m                                      'memory_limit_mb': 1024,
[36m(TaskRunner pid=15002)[0m                                      'url': None},
[36m(TaskRunner pid=15002)[0m                   'strategy': 'fsdp',
[36m(TaskRunner pid=15002)[0m                   'ulysses_sequence_parallel_size': 1,
[36m(TaskRunner pid=15002)[0m                   'use_dynamic_bsz': True,
[36m(TaskRunner pid=15002)[0m                   'use_reward_loop': False},
[36m(TaskRunner pid=15002)[0m  'trainer': {'balance_batch': True,
[36m(TaskRunner pid=15002)[0m              'critic_warmup': 0,
[36m(TaskRunner pid=15002)[0m              'default_hdfs_dir': None,
[36m(TaskRunner pid=15002)[0m              'default_local_dir': '/root/autodl-tmp/Vision-OPD-main/artifacts/runs/E-D11-6K-GATE-001/pilot/64/checkpoints',
[36m(TaskRunner pid=15002)[0m              'del_local_ckpt_after_load': False,
[36m(TaskRunner pid=15002)[0m              'device': 'cuda',
[36m(TaskRunner pid=15002)[0m              'esi_redundant_time': 0,
[36m(TaskRunner pid=15002)[0m              'experiment_name': 'E-D11-6K-VOPD-PILOT-064',
[36m(TaskRunner pid=15002)[0m              'group_name': 'E-D11-6K-VOPD-PILOT',
[36m(TaskRunner pid=15002)[0m              'log_val_generations': 0,
[36m(TaskRunner pid=15002)[0m              'logger': ['console', 'tensorboard'],
[36m(TaskRunner pid=15002)[0m              'max_actor_ckpt_to_keep': 1,
[36m(TaskRunner pid=15002)[0m              'max_critic_ckpt_to_keep': None,
[36m(TaskRunner pid=15002)[0m              'n_gpus_per_node': 2,
[36m(TaskRunner pid=15002)[0m              'nnodes': 1,
[36m(TaskRunner pid=15002)[0m              'project_name': 'Vision-OPD',
[36m(TaskRunner pid=15002)[0m              'ray_wait_register_center_timeout': 300,
[36m(TaskRunner pid=15002)[0m              'resume_from_path': None,
[36m(TaskRunner pid=15002)[0m              'resume_mode': 'disable',
[36m(TaskRunner pid=15002)[0m              'rollout_data_dir': '/root/autodl-tmp/Vision-OPD-main/artifacts/runs/E-D11-6K-GATE-001/pilot/64/rollouts',[36m(TaskRunner pid=15002)[0m /root/autodl-tmp/Vision-OPD-main/verl/trainer/main_ppo.py:315: UserWarning: Disabled critic as algorithm.adv_estimator != gae. If it is not intended, please set critic.enable=True
[36m(TaskRunner pid=15002)[0m   use_critic=need_critic(config),
[36m(TaskRunner pid=15002)[0m /root/autodl-tmp/Vision-OPD-main/verl/utils/profiler/config.py:52: UserWarning: Torch profiler tool config is not fully supported now.
[36m(TaskRunner pid=15002)[0m   warnings.warn("Torch profiler tool config is not fully supported now.", stacklevel=1)
[36m(TaskRunner pid=15002)[0m The `use_fast` parameter is deprecated and will be removed in a future version. Use `backend="torchvision"` instead of `use_fast=True`, or `backend="pil"` instead of `use_fast=False`.
[36m(TaskRunner pid=15002)[0m Generating train split: 0 examples [00:00, ? examples/s]Generating train split: 64 examples [00:00, 5667.62 examples/s]
[36m(TaskRunner pid=15002)[0m /root/autodl-tmp/Vision-OPD-main/verl/trainer/ppo/ray_trainer.py:384: UserWarning: Disabled critic as algorithm.adv_estimator != gae. If it is not intended, please set critic.enable=True
[36m(TaskRunner pid=15002)[0m   self.use_critic = need_critic(self.config)

[36m(TaskRunner pid=15002)[0m              'save_freq': -1,
[36m(TaskRunner pid=15002)[0m              'test_freq': -1,
[36m(TaskRunner pid=15002)[0m              'total_epochs': 1,
[36m(TaskRunner pid=15002)[0m              'total_training_steps': 8,
[36m(TaskRunner pid=15002)[0m              'use_legacy_worker_impl': 'auto',
[36m(TaskRunner pid=15002)[0m              'val_before_train': False,
[36m(TaskRunner pid=15002)[0m              'val_only': False,
[36m(TaskRunner pid=15002)[0m              'validation_data_dir': None},
[36m(TaskRunner pid=15002)[0m  'transfer_queue': {'enable': False},
[36m(TaskRunner pid=15002)[0m  'vars': {'ckpt_dir': './checkpoints', 'dir': './data', 'log_dir': './output'}}
[36m(TaskRunner pid=15002)[0m [validate_config] All configuration checks passed successfully!
[36m(TaskRunner pid=15002)[0m Using dataset class: RLHFDataset
[36m(TaskRunner pid=15002)[0m dataset len: 64
[36m(TaskRunner pid=15002)[0m Size of train dataloader: 8, Size of val dataloader: 0
[36m(TaskRunner pid=15002)[0m Total training steps: 8
[36m(TaskRunner pid=15002)[0m colocated worker base class <class 'verl.single_controller.base.worker.Worker'>
[36m(TaskRunner pid=15002)[0m bind role actor_rollout_ref method chat_completion to class <class 'verl.single_controller.ray.base.create_colocated_worker_cls.<locals>.WorkerDict'>
[36m(TaskRunner pid=15002)[0m bind role actor_rollout_ref method generate to class <class 'verl.single_controller.ray.base.create_colocated_worker_cls.<locals>.WorkerDict'>
[36m(TaskRunner pid=15002)[0m bind role actor_rollout_ref method get_zeromq_address to class <class 'verl.single_controller.ray.base.create_colocated_worker_cls.<locals>.WorkerDict'>
[36m(TaskRunner pid=15002)[0m bind role actor_rollout_ref method sleep to class <class 'verl.single_controller.ray.base.create_colocated_worker_cls.<locals>.WorkerDict'>
[36m(TaskRunner pid=15002)[0m bind role actor_rollout_ref method wake_up to class <class 'verl.single_controller.ray.base.create_colocated_worker_cls.<locals>.WorkerDict'>
[36m(WorkerDict pid=15424)[0m [Gloo] Rank 0 is connected to 1 peer ranks. Expected number of connected peer ranks is : 1
[36m(WorkerDict pid=15424)[0m Model config after override: Qwen3_5Config {
[36m(WorkerDict pid=15424)[0m   "architectures": [
[36m(WorkerDict pid=15424)[0m     "Qwen3_5ForConditionalGeneration"
[36m(WorkerDict pid=15424)[0m   ],
[36m(WorkerDict pid=15424)[0m   "bos_token_id": null,
[36m(WorkerDict pid=15424)[0m   "eos_token_id": 248046,
[36m(WorkerDict pid=15424)[0m   "image_token_id": 248056,
[36m(WorkerDict pid=15424)[0m   "model_type": "qwen3_5",
[36m(WorkerDict pid=15424)[0m   "pad_token_id": 248044,
[36m(WorkerDict pid=15424)[0m   "text_config": {
[36m(WorkerDict pid=15424)[0m     "attention_bias": false,
[36m(WorkerDict pid=15424)[0m     "attention_dropout": 0.0,
[36m(WorkerDict pid=15424)[0m     "attn_output_gate": true,
[36m(WorkerDict pid=15424)[0m     "bos_token_id": null,
[36m(WorkerDict pid=15424)[0m     "dtype": "bfloat16",
[36m(WorkerDict pid=15424)[0m     "eos_token_id": 248044,
[36m(WorkerDict pid=15424)[0m     "full_attention_interval": 4,
[36m(WorkerDict pid=15424)[0m     "head_dim": 256,
[36m(WorkerDict pid=15424)[0m     "hidden_act": "silu",
[36m(WorkerDict pid=15424)[0m     "hidden_size": 2560,
[36m(WorkerDict pid=15424)[0m     "initializer_range": 0.02,
[36m(WorkerDict pid=15424)[0m     "intermediate_size": 9216,
[36m(WorkerDict pid=15424)[0m     "layer_types": [
[36m(WorkerDict pid=15424)[0m       "linear_attention",
[36m(WorkerDict pid=15424)[0m       "linear_attention",
[36m(WorkerDict pid=15424)[0m       "linear_attention",
[36m(WorkerDict pid=15424)[0m       "full_attention",
[36m(WorkerDict pid=15424)[0m       "linear_attention",
[36m(WorkerDict pid=15424)[0m       "linear_attention",
[36m(WorkerDict pid=15424)[0m       "linear_attention",
[36m(WorkerDict pid=15424)[0m       "full_attention",
[36m(WorkerDict pid=15424)[0m       "linear_attention",
[36m(WorkerDict pid=15424)[0m       "linear_attention",
[36m(WorkerDict pid=15424)[0m       "linear_attention",
[36m(WorkerDict pid=15424)[0m       "full_attention",
[36m(WorkerDict pid=15424)[0m       "linear_attention",
[36m(WorkerDict pid=15424)[0m       "linear_attention",
[36m(WorkerDict pid=15424)[0m       "linear_attention",
[36m(WorkerDict pid=15424)[0m       "full_attention",
[36m(WorkerDict pid=15424)[0m       "linear_attention",
[36m(WorkerDict pid=15424)[0m       "linear_attention",
[36m(WorkerDict pid=15424)[0m       "linear_attention",
[36m(WorkerDict pid=15424)[0m       "full_attention",
[36m(WorkerDict pid=15424)[0m       "linear_attention",
[36m(WorkerDict pid=15424)[0m       "linear_attention",
[36m(WorkerDict pid=15424)[0m       "linear_attention",
[36m(WorkerDict pid=15424)[0m       "full_attention",
[36m(WorkerDict pid=15424)[0m       "linear_attention",
[36m(WorkerDict pid=15424)[0m       "linear_attention",
[36m(WorkerDict pid=15424)[0m       "linear_attention",
[36m(WorkerDict pid=15424)[0m       "full_attention",
[36m(WorkerDict pid=15424)[0m       "linear_attention",
[36m(WorkerDict pid=15424)[0m       "linear_attention",
[36m(WorkerDict pid=15424)[0m       "linear_attention",
[36m(WorkerDict pid=15424)[0m       "full_attention"
[36m(WorkerDict pid=15424)[0m     ],
[36m(WorkerDict pid=15424)[0m     "linear_conv_kernel_dim": 4,
[36m(WorkerDict pid=15424)[0m     "linear_key_head_dim": 128,
[36m(WorkerDict pid=15424)[0m     "linear_num_key_heads": 16,
[36m(WorkerDict pid=15424)[0m     "linear_num_value_heads": 32,
[36m(WorkerDict pid=15424)[0m     "linear_value_head_dim": 128,
[36m(WorkerDict pid=15424)[0m     "mamba_ssm_dtype": "float32",
[36m(WorkerDict pid=15424)[0m     "max_position_embeddings": 262144,
[36m(WorkerDict pid=15424)[0m     "mlp_only_layers": [],
[36m(WorkerDict pid=15424)[0m     "model_type": "qwen3_5_text",
[36m(WorkerDict pid=15424)[0m     "mtp_num_hidden_layers": 1,
[36m(WorkerDict pid=15424)[0m     "mtp_use_dedicated_embeddings": false,
[36m(WorkerDict pid=15424)[0m     "num_attention_heads": 16,
[36m(WorkerDict pid=15424)[0m     "num_hidden_layers": 32,
[36m(WorkerDict pid=15424)[0m     "num_key_value_heads": 4,
[36m(WorkerDict pid=15424)[0m     "pad_token_id": null,
[36m(WorkerDict pid=15424)[0m     "partial_rotary_factor": 0.25,
[36m(WorkerDict pid=15424)[0m     "rms_norm_eps": 1e-06,
[36m(WorkerDict pid=15424)[0m     "rope_parameters": {
[36m(WorkerDict pid=15424)[0m       "mrope_interleaved": true,
[36m(WorkerDict pid=15424)[0m       "mrope_section": [
[36m(WorkerDict pid=15424)[0m         11,
[36m(WorkerDict pid=15424)[0m         11,
[36m(WorkerDict pid=15424)[0m         10
[36m(WorkerDict pid=15424)[0m       ],
[36m(WorkerDict pid=15424)[0m       "partial_rotary_factor": 0.25,
[36m(WorkerDict pid=15424)[0m       "rope_theta": 10000000,
[36m(WorkerDict pid=15424)[0m       "rope_type": "default"
[36m(WorkerDict pid=15424)[0m     },
[36m(WorkerDict pid=15424)[0m     "tie_word_embeddings": true,
[36m(WorkerDict pid=15424)[0m     "use_cache": true,
[36m(WorkerDict pid=15424)[0m     "vocab_size": 248320
[36m(WorkerDict pid=15424)[0m   },
[36m(WorkerDict pid=15424)[0m   "tie_word_embeddings": true,
[36m(WorkerDict pid=15424)[0m   "transformers_version": "5.5.0",
[36m(WorkerDict pid=15424)[0m   "video_token_id": 248057,
[36m(WorkerDict pid=15424)[0m   "vision_config": {
[36m(WorkerDict pid=15424)[0m     "deepstack_visual_indexes": [],
[36m(WorkerDict pid=15424)[0m     "depth": 24,
[36m(WorkerDict pid=15424)[0m     "hidden_act": "gelu_pytorch_tanh",
[36m(WorkerDict pid=15424)[0m     "hidden_size": 1024,
[36m(WorkerDict pid=15424)[0m     "in_channels": 3,
[36m(WorkerDict pid=15424)[0m     "initializer_range": 0.02,
[36m(WorkerDict pid=15424)[0m     "intermediate_size": 4096,
[36m(WorkerDict pid=15424)[0m     "model_type": "qwen3_5",
[36m(WorkerDict pid=15424)[0m     "num_heads": 16,
[36m(WorkerDict pid=15424)[0m     "num_position_embeddings": 2304,
[36m(WorkerDict pid=15424)[0m     "out_hidden_size": 2560,[36m(WorkerDict pid=15424)[0m Flash Attention 2 only supports torch.float16 and torch.bfloat16 dtypes, but the current dype in Qwen3_5ForConditionalGeneration is torch.float32. You should run training or inference using Automatic Mixed-Precision via the `with torch.autocast(device_type='torch_device'):` decorator, or load the model with the `dtype` argument. Example: `model = AutoModel.from_pretrained("meta-llama/Llama-3.2-1B", attn_implementation="flash_attention_2", dtype=torch.float16)`
[36m(WorkerDict pid=15424)[0m Flash Attention 2 only supports torch.float16 and torch.bfloat16 dtypes, but the current dype in Qwen3_5Model is torch.float32. You should run training or inference using Automatic Mixed-Precision via the `with torch.autocast(device_type='torch_device'):` decorator, or load the model with the `dtype` argument. Example: `model = AutoModel.from_pretrained("meta-llama/Llama-3.2-1B", attn_implementation="flash_attention_2", dtype=torch.float16)`
[36m(WorkerDict pid=15424)[0m Flash Attention 2 only supports torch.float16 and torch.bfloat16 dtypes, but the current dype in Qwen3_5VisionModel is torch.float32. You should run training or inference using Automatic Mixed-Precision via the `with torch.autocast(device_type='torch_device'):` decorator, or load the model with the `dtype` argument. Example: `model = AutoModel.from_pretrained("meta-llama/Llama-3.2-1B", attn_implementation="flash_attention_2", dtype=torch.float16)`
[36m(WorkerDict pid=15424)[0m Loading weights:   0%|          | 0/723 [00:00<?, ?it/s]
[36m(WorkerDict pid=15424)[0m Loading weights:   0%|          | 1/723 [00:01<13:57,  1.16s/it]
[36m(WorkerDict pid=15424)[0m Loading weights:  31%|███       | 224/723 [00:01<00:02, 245.09it/s]
[36m(WorkerDict pid=15424)[0m Loading weights: 100%|██████████| 723/723 [00:02<00:00, 333.98it/s]
[36m(WorkerDict pid=15425)[0m Loading weights:  88%|████████▊ | 636/723 [00:02<00:00, 424.01it/s]Loading weights: 100%|██████████| 723/723 [00:02<00:00, 298.43it/s]
[36m(WorkerDict pid=15424)[0m /root/autodl-tmp/Vision-OPD-main/verl/utils/profiler/config.py:52: UserWarning: Torch profiler tool config is not fully supported now.
[36m(WorkerDict pid=15424)[0m   warnings.warn("Torch profiler tool config is not fully supported now.", stacklevel=1)
[36m(WorkerDict pid=15425)[0m Flash Attention 2 only supports torch.float16 and torch.bfloat16 dtypes, but the current dype in Qwen3_5TextModel is torch.float32. You should run training or inference using Automatic Mixed-Precision via the `with torch.autocast(device_type='torch_device'):` decorator, or load the model with the `dtype` argument. Example: `model = AutoModel.from_pretrained("meta-llama/Llama-3.2-1B", attn_implementation="flash_attention_2", dtype=torch.float16)`[32m [repeated 5x across cluster] (Ray deduplicates logs by default. Set RAY_DEDUP_LOGS=0 to disable log deduplication, or see https://docs.ray.io/en/master/ray-observability/user-guides/configure-logging.html#log-deduplication for more options.)[0m
[36m(WorkerDict pid=15425)[0m Loading weights:   0%|          | 0/723 [00:00<?, ?it/s]
[36m(WorkerDict pid=15425)[0m Loading weights:  63%|██████▎   | 457/723 [00:02<00:01, 256.58it/s][32m [repeated 7x across cluster][0m
[36m(WorkerDict pid=15424)[0m /root/autodl-tmp/Vision-OPD-main/verl/workers/fsdp_workers.py:666: FutureWarning: FSDP.state_dict_type() and FSDP.set_state_dict_type() are being deprecated. Please use APIs, get_state_dict() and set_state_dict(), which can support different parallelisms, FSDP1, FSDP2, DDP. API doc: https://pytorch.org/docs/stable/distributed.checkpoint.html#torch.distributed.checkpoint.state_dict.get_state_dict .Tutorial: https://pytorch.org/tutorials/recipes/distributed_checkpoint_recipe.html .
[36m(WorkerDict pid=15424)[0m   FSDP.set_state_dict_type(

[36m(WorkerDict pid=15424)[0m     "patch_size": 16,
[36m(WorkerDict pid=15424)[0m     "spatial_merge_size": 2,
[36m(WorkerDict pid=15424)[0m     "temporal_patch_size": 2
[36m(WorkerDict pid=15424)[0m   },
[36m(WorkerDict pid=15424)[0m   "vision_end_token_id": 248054,
[36m(WorkerDict pid=15424)[0m   "vision_start_token_id": 248053
[36m(WorkerDict pid=15424)[0m }
[36m(WorkerDict pid=15424)[0m 
[36m(WorkerDict pid=15424)[0m Monkey patch Qwen3_5ForConditionalGeneration model forward
[36m(WorkerDict pid=15424)[0m Monkey patch _flash_attention_forward in transformers.integrations.flash_attention
[36m(WorkerDict pid=15424)[0m Skipping monkey patch for Qwen3_5ForConditionalGeneration as use_fused_kernels is False or fused_kernels_backend is torch
[36m(WorkerDict pid=15425)[0m [Gloo] Rank 1 is connected to 1 peer ranks. Expected number of connected peer ranks is : 1
[36m(WorkerDict pid=15424)[0m Qwen3_5ForConditionalGeneration contains 4.54B parameters
[36m(WorkerDict pid=15424)[0m wrap_policy: functools.partial(<function _or_policy at 0x7fc26ad3a2a0>, policies=[functools.partial(<function transformer_auto_wrap_policy at 0x7fc26ad3a160>, transformer_layer_cls={<class 'transformers.models.qwen3_5.modeling_qwen3_5.Qwen3_5VisionBlock'>, <class 'transformers.models.qwen3_5.modeling_qwen3_5.Qwen3_5DecoderLayer'>})])
[36m(WorkerDict pid=15424)[0m Total steps: 8, num_warmup_steps: 10
[36m(WorkerDict pid=15424)[0m Actor use_remove_padding=True
[36m(WorkerDict pid=15424)[0m Actor use_fused_kernels=False
[36m(WorkerDict pid=15424)[0m Actor use_prefix_grouper=False
[36m(WorkerDict pid=15425)[0m Monkey patch Qwen3_5ForConditionalGeneration model forward
[36m(WorkerDict pid=15425)[0m Monkey patch _flash_attention_forward in transformers.integrations.flash_attention
[36m(WorkerDict pid=15425)[0m Skipping monkey patch for Qwen3_5ForConditionalGeneration as use_fused_kernels is False or fused_kernels_backend is torch
[36m(WorkerDict pid=15424)[0m NCCL version 2.27.5+cuda12.9
[36m(WorkerDict pid=15424)[0m [Gloo] Rank 0 is connected to 0 peer ranks. Expected number of connected peer ranks is : 0
[36m(WorkerDict pid=15424)[0m [Gloo] Rank 0 is connected to 0 peer ranks. Expected number of connected peer ranks is : 0
[36m(WorkerDict pid=15424)[0m reference model: /root/autodl-tmp/models/Qwen3.5-4B
[36m(WorkerDict pid=15424)[0m Model config after override: Qwen3_5Config {
[36m(WorkerDict pid=15424)[0m   "architectures": [
[36m(WorkerDict pid=15424)[0m     "Qwen3_5ForConditionalGeneration"
[36m(WorkerDict pid=15424)[0m   ],
[36m(WorkerDict pid=15424)[0m   "bos_token_id": null,
[36m(WorkerDict pid=15424)[0m   "eos_token_id": 248046,
[36m(WorkerDict pid=15424)[0m   "image_token_id": 248056,
[36m(WorkerDict pid=15424)[0m   "model_type": "qwen3_5",
[36m(WorkerDict pid=15424)[0m   "pad_token_id": 248044,
[36m(WorkerDict pid=15424)[0m   "text_config": {
[36m(WorkerDict pid=15424)[0m     "attention_bias": false,
[36m(WorkerDict pid=15424)[0m     "attention_dropout": 0.0,
[36m(WorkerDict pid=15424)[0m     "attn_output_gate": true,
[36m(WorkerDict pid=15424)[0m     "bos_token_id": null,
[36m(WorkerDict pid=15424)[0m     "dtype": "bfloat16",
[36m(WorkerDict pid=15424)[0m     "eos_token_id": 248044,
[36m(WorkerDict pid=15424)[0m     "full_attention_interval": 4,
[36m(WorkerDict pid=15424)[0m     "head_dim": 256,
[36m(WorkerDict pid=15424)[0m     "hidden_act": "silu",
[36m(WorkerDict pid=15424)[0m     "hidden_size": 2560,
[36m(WorkerDict pid=15424)[0m     "initializer_range": 0.02,
[36m(WorkerDict pid=15424)[0m     "intermediate_size": 9216,
[36m(WorkerDict pid=15424)[0m     "layer_types": [
[36m(WorkerDict pid=15424)[0m       "linear_attention",
[36m(WorkerDict pid=15424)[0m       "linear_attention",
[36m(WorkerDict pid=15424)[0m       "linear_attention",
[36m(WorkerDict pid=15424)[0m       "full_attention",
[36m(WorkerDict pid=15424)[0m       "linear_attention",
[36m(WorkerDict pid=15424)[0m       "linear_attention",
[36m(WorkerDict pid=15424)[0m       "linear_attention",
[36m(WorkerDict pid=15424)[0m       "full_attention",
[36m(WorkerDict pid=15424)[0m       "linear_attention",
[36m(WorkerDict pid=15424)[0m       "linear_attention",
[36m(WorkerDict pid=15424)[0m       "linear_attention",
[36m(WorkerDict pid=15424)[0m       "full_attention",
[36m(WorkerDict pid=15424)[0m       "linear_attention",
[36m(WorkerDict pid=15424)[0m       "linear_attention",
[36m(WorkerDict pid=15424)[0m       "linear_attention",
[36m(WorkerDict pid=15424)[0m       "full_attention",
[36m(WorkerDict pid=15424)[0m       "linear_attention",
[36m(WorkerDict pid=15424)[0m       "linear_attention",
[36m(WorkerDict pid=15424)[0m       "linear_attention",
[36m(WorkerDict pid=15424)[0m       "full_attention",
[36m(WorkerDict pid=15424)[0m       "linear_attention",
[36m(WorkerDict pid=15424)[0m       "linear_attention",
[36m(WorkerDict pid=15424)[0m       "linear_attention",
[36m(WorkerDict pid=15424)[0m       "full_attention",
[36m(WorkerDict pid=15424)[0m       "linear_attention",
[36m(WorkerDict pid=15424)[0m       "linear_attention",
[36m(WorkerDict pid=15424)[0m       "linear_attention",
[36m(WorkerDict pid=15424)[0m       "full_attention",
[36m(WorkerDict pid=15424)[0m       "linear_attention",
[36m(WorkerDict pid=15424)[0m       "linear_attention",
[36m(WorkerDict pid=15424)[0m       "linear_attention",
[36m(WorkerDict pid=15424)[0m       "full_attention"
[36m(WorkerDict pid=15424)[0m     ],
[36m(WorkerDict pid=15424)[0m     "linear_conv_kernel_dim": 4,
[36m(WorkerDict pid=15424)[0m     "linear_key_head_dim": 128,
[36m(WorkerDict pid=15424)[0m     "linear_num_key_heads": 16,
[36m(WorkerDict pid=15424)[0m     "linear_num_value_heads": 32,
[36m(WorkerDict pid=15424)[0m     "linear_value_head_dim": 128,
[36m(WorkerDict pid=15424)[0m     "mamba_ssm_dtype": "float32",
[36m(WorkerDict pid=15424)[0m     "max_position_embeddings": 262144,
[36m(WorkerDict pid=15424)[0m     "mlp_only_layers": [],
[36m(WorkerDict pid=15424)[0m     "model_type": "qwen3_5_text",
[36m(WorkerDict pid=15424)[0m     "mtp_num_hidden_layers": 1,
[36m(WorkerDict pid=15424)[0m     "mtp_use_dedicated_embeddings": false,
[36m(WorkerDict pid=15424)[0m     "num_attention_heads": 16,
[36m(WorkerDict pid=15424)[0m     "num_hidden_layers": 32,
[36m(WorkerDict pid=15424)[0m     "num_key_value_heads": 4,
[36m(WorkerDict pid=15424)[0m     "pad_token_id": null,
[36m(WorkerDict pid=15424)[0m     "partial_rotary_factor": 0.25,
[36m(WorkerDict pid=15424)[0m     "rms_norm_eps": 1e-06,
[36m(WorkerDict pid=15424)[0m     "rope_parameters": {
[36m(WorkerDict pid=15424)[0m       "mrope_interleaved": true,
[36m(WorkerDict pid=15424)[0m       "mrope_section": [
[36m(WorkerDict pid=15424)[0m         11,
[36m(WorkerDict pid=15424)[0m         11,
[36m(WorkerDict pid=15424)[0m         10
[36m(WorkerDict pid=15424)[0m       ],
[36m(WorkerDict pid=15424)[0m       "partial_rotary_factor": 0.25,
[36m(WorkerDict pid=15424)[0m       "rope_theta": 10000000,
[36m(WorkerDict pid=15424)[0m       "rope_type": "default"
[36m(WorkerDict pid=15424)[0m     },
[36m(WorkerDict pid=15424)[0m     "tie_word_embeddings": true,
[36m(WorkerDict pid=15424)[0m     "use_cache": true,
[36m(WorkerDict pid=15424)[0m     "vocab_size": 248320
[36m(WorkerDict pid=15424)[0m   },
[36m(WorkerDict pid=15424)[0m   "tie_word_embeddings": true,
[36m(WorkerDict pid=15424)[0m   "transformers_version": "5.5.0",
[36m(WorkerDict pid=15424)[0m   "video_token_id": 248057,
[36m(WorkerDict pid=15424)[0m   "vision_config": {
[36m(WorkerDict pid=15424)[0m     "deepstack_visual_indexes": [],
[36m(WorkerDict pid=15424)[0m     "depth": 24,
[36m(WorkerDict pid=15424)[0m     "hidden_act": "gelu_pytorch_tanh",
[36m(WorkerDict pid=15424)[0m     "hidden_size": 1024,
[36m(WorkerDict pid=15424)[0m     "in_channels": 3,
[36m(WorkerDict pid=15424)[0m     "initializer_range": 0.02,
[36m(WorkerDict pid=15424)[0m     "intermediate_size": 4096,
[36m(WorkerDict pid=15424)[0m     "model_type": "qwen3_5",[36m(WorkerDict pid=15424)[0m Loading weights:   0%|          | 0/723 [00:00<?, ?it/s]
[36m(WorkerDict pid=15425)[0m /root/autodl-tmp/Vision-OPD-main/verl/utils/profiler/config.py:52: UserWarning: Torch profiler tool config is not fully supported now.
[36m(WorkerDict pid=15425)[0m   warnings.warn("Torch profiler tool config is not fully supported now.", stacklevel=1)
[36m(WorkerDict pid=15424)[0m Loading weights:   0%|          | 1/723 [00:01<14:42,  1.22s/it]
[36m(WorkerDict pid=15424)[0m Loading weights:  33%|███▎      | 238/723 [00:01<00:01, 245.25it/s]
[36m(WorkerDict pid=15425)[0m /root/autodl-tmp/Vision-OPD-main/verl/workers/fsdp_workers.py:666: FutureWarning: FSDP.state_dict_type() and FSDP.set_state_dict_type() are being deprecated. Please use APIs, get_state_dict() and set_state_dict(), which can support different parallelisms, FSDP1, FSDP2, DDP. API doc: https://pytorch.org/docs/stable/distributed.checkpoint.html#torch.distributed.checkpoint.state_dict.get_state_dict .Tutorial: https://pytorch.org/tutorials/recipes/distributed_checkpoint_recipe.html .
[36m(WorkerDict pid=15425)[0m   FSDP.set_state_dict_type(
[36m(WorkerDict pid=15424)[0m Loading weights: 100%|██████████| 723/723 [00:02<00:00, 313.83it/s]
[36m(WorkerDict pid=15425)[0m Loading weights:  90%|████████▉ | 650/723 [00:02<00:00, 463.20it/s]Loading weights: 100%|██████████| 723/723 [00:02<00:00, 322.19it/s]
[36m(TaskRunner pid=15002)[0m W0905 20:40:10.892000 15002 site-packages/torch/utils/cpp_extension.py:118] No CUDA runtime is found, using CUDA_HOME='/usr/local/cuda'
[36m(WorkerDict pid=15425)[0m Loading weights:   0%|          | 0/723 [00:00<?, ?it/s]
[36m(WorkerDict pid=15425)[0m Loading weights:  64%|██████▍   | 464/723 [00:02<00:00, 279.42it/s][32m [repeated 7x across cluster][0m
[36m(TaskRunner pid=15002)[0m /root/autodl-tmp/Vision-OPD-main/verl/utils/profiler/config.py:52: UserWarning: Torch profiler tool config is not fully supported now.
[36m(TaskRunner pid=15002)[0m   warnings.warn("Torch profiler tool config is not fully supported now.", stacklevel=1)
[36m(pid=16032)[0m W0905 20:40:18.557000 16032 site-packages/torch/utils/cpp_extension.py:118] No CUDA runtime is found, using CUDA_HOME='/usr/local/cuda'
[36m(pid=16033)[0m W0905 20:40:18.559000 16033 site-packages/torch/utils/cpp_extension.py:118] No CUDA runtime is found, using CUDA_HOME='/usr/local/cuda'
[36m(vLLMHttpServer pid=16032)[0m Using blocking ray.get inside async actor. This blocks the event loop. Please use `await` on object ref with asyncio.gather if you want to yield execution to the event loop instead.
[36m(vLLMHttpServer pid=16032)[0m The argument `trust_remote_code` is to be used with Auto classes. It has no effect here and is ignored.
[36m(vLLMHttpServer pid=16032)[0m `layer_type_validation` is deprecated and will be removed in v5.20. Use `PreTrainedConfig.validate_layer_type` instead
[36m(vLLMHttpServer pid=16032)[0m `layer_type_validation` is deprecated and will be removed in v5.20. Use `PreTrainedConfig.validate_layer_type` instead
[36m(vLLMHttpServer pid=16032)[0m `layer_type_validation` is deprecated and will be removed in v5.20. Use `PreTrainedConfig.validate_layer_type` instead
[36m(vLLMHttpServer pid=16033)[0m `Qwen2VLImageProcessorFast` is deprecated. The `Fast` suffix for image processors has been removed; use `Qwen2VLImageProcessor` instead.
[36m(vLLMHttpServer pid=16033)[0m The `use_fast` parameter is deprecated and will be removed in a future version. Use `backend="torchvision"` instead of `use_fast=True`, or `backend="pil"` instead of `use_fast=False`.
[36m(vLLMHttpServer pid=16033)[0m Using blocking ray.get inside async actor. This blocks the event loop. Please use `await` on object ref with asyncio.gather if you want to yield execution to the event loop instead.
[36m(vLLMHttpServer pid=16032)[0m The argument `trust_remote_code` is to be used with Auto classes. It has no effect here and is ignored.[32m [repeated 3x across cluster][0m
[36m(vLLMHttpServer pid=16032)[0m `layer_type_validation` is deprecated and will be removed in v5.20. Use `PreTrainedConfig.validate_layer_type` instead[32m [repeated 9x across cluster][0m
[36m(vLLMHttpServer pid=16032)[0m `Qwen2VLImageProcessorFast` is deprecated. The `Fast` suffix for image processors has been removed; use `Qwen2VLImageProcessor` instead.
[36m(vLLMHttpServer pid=16033)[0m W0905 20:40:39.800000 16333 site-packages/torch/utils/cpp_extension.py:118] No CUDA runtime is found, using CUDA_HOME='/usr/local/cuda'
[36m(vLLMHttpServer pid=16032)[0m The `use_fast` parameter is deprecated and will be removed in a future version. Use `backend="torchvision"` instead of `use_fast=True`, or `backend="pil"` instead of `use_fast=False`.
[36m(WorkerDict pid=15424)[0m `Qwen2VLImageProcessorFast` is deprecated. The `Fast` suffix for image processors has been removed; use `Qwen2VLImageProcessor` instead.
[36m(WorkerDict pid=15424)[0m The `use_fast` parameter is deprecated and will be removed in a future version. Use `backend="torchvision"` instead of `use_fast=True`, or `backend="pil"` instead of `use_fast=False`.
[36m(vLLMHttpServer pid=16032)[0m W0905 20:40:40.266000 16342 site-packages/torch/utils/cpp_extension.py:118] No CUDA runtime is found, using CUDA_HOME='/usr/local/cuda'
[36m(WorkerDict pid=15424)[0m <frozen importlib._bootstrap_external>:1301: FutureWarning: The cuda.cudart module is deprecated and will be removed in a future release, please switch to use the cuda.bindings.runtime module instead.
[36m(WorkerDict pid=15424)[0m <frozen importlib._bootstrap_external>:1301: FutureWarning: The cuda.nvrtc module is deprecated and will be removed in a future release, please switch to use the cuda.bindings.nvrtc module instead.
[36m(WorkerDict pid=15425)[0m `Qwen2VLImageProcessorFast` is deprecated. The `Fast` suffix for image processors has been removed; use `Qwen2VLImageProcessor` instead.
[36m(WorkerDict pid=15424)[0m /root/miniconda3/envs/vision-opd/lib/python3.12/site-packages/vllm/model_executor/layers/fla/ops/utils.py:113: UserWarning: Input tensor shape suggests potential format mismatch: seq_len (16) < num_heads (32). This may indicate the inputs were passed in head-first format [B, H, T, ...] when head_first=False was specified. Please verify your input tensor format matches the expected shape [B, T, H, ...].
[36m(WorkerDict pid=15424)[0m   return fn(*contiguous_args, **contiguous_kwargs)
[36m(WorkerDict pid=15425)[0m The `use_fast` parameter is deprecated and will be removed in a future version. Use `backend="torchvision"` instead of `use_fast=True`, or `backend="pil"` instead of `use_fast=False`.
[36m(WorkerDict pid=15425)[0m <frozen importlib._bootstrap_external>:1301: FutureWarning: The cuda.cudart module is deprecated and will be removed in a future release, please switch to use the cuda.bindings.runtime module instead.
[36m(WorkerDict pid=15425)[0m <frozen importlib._bootstrap_external>:1301: FutureWarning: The cuda.nvrtc module is deprecated and will be removed in a future release, please switch to use the cuda.bindings.nvrtc module instead.
[36m(WorkerDict pid=15424)[0m Capturing CUDA graphs (mixed prefill-decode, PIECEWISE):   0%|          | 0/4 [00:00<?, ?it/s]
[36m(WorkerDict pid=15425)[0m /root/miniconda3/envs/vision-opd/lib/python3.12/site-packages/vllm/model_executor/layers/fla/ops/utils.py:113: UserWarning: Input tensor shape suggests potential format mismatch: seq_len (16) < num_heads (32). This may indicate the inputs were passed in head-first format [B, H, T, ...] when head_first=False was specified. Please verify your input tensor format matches the expected shape [B, T, H, ...].
[36m(WorkerDict pid=15425)[0m   return fn(*contiguous_args, **contiguous_kwargs)
[36m(WorkerDict pid=15424)[0m Capturing CUDA graphs (mixed prefill-decode, PIECEWISE): 100%|██████████| 4/4 [00:00<00:00, 28.82it/s]Capturing CUDA graphs (mixed prefill-decode, PIECEWISE): 100%|██████████| 4/4 [00:00<00:00, 28.78it/s]
[36m(WorkerDict pid=15424)[0m Capturing CUDA graphs (decode, FULL):   0%|          | 0/4 [00:00<?, ?it/s]
[36m(WorkerDict pid=15424)[0m Capturing CUDA graphs (decode, FULL): 100%|██████████| 4/4 [00:00<00:00, 31.23it/s]Capturing CUDA graphs (decode, FULL): 100%|██████████| 4/4 [00:00<00:00, 31.19it/s]
[36m(vLLMHttpServer pid=16032)[0m (EngineCore pid=16342) `Qwen2VLImageProcessorFast` is deprecated. The `Fast` suffix for image processors has been removed; use `Qwen2VLImageProcessor` instead.
[36m(vLLMHttpServer pid=16032)[0m (EngineCore pid=16342) The `use_fast` parameter is deprecated and will be removed in a future version. Use `backend="torchvision"` instead of `use_fast=True`, or `backend="pil"` instead of `use_fast=False`.
[36m(vLLMHttpServer pid=16032)[0m The argument `trust_remote_code` is to be used with Auto classes. It has no effect here and is ignored.
[36m(vLLMHttpServer pid=16032)[0m `layer_type_validation` is deprecated and will be removed in v5.20. Use `PreTrainedConfig.validate_layer_type` instead
[36m(vLLMHttpServer pid=16032)[0m `layer_type_validation` is deprecated and will be removed in v5.20. Use `PreTrainedConfig.validate_layer_type` instead
[36m(vLLMHttpServer pid=16032)[0m `layer_type_validation` is deprecated and will be removed in v5.20. Use `PreTrainedConfig.validate_layer_type` instead
[36m(vLLMHttpServer pid=16032)[0m The argument `trust_remote_code` is to be used with Auto classes. It has no effect here and is ignored.
[36m(vLLMHttpServer pid=16032)[0m `layer_type_validation` is deprecated and will be removed in v5.20. Use `PreTrainedConfig.validate_layer_type` instead
[36m(vLLMHttpServer pid=16032)[0m `layer_type_validation` is deprecated and will be removed in v5.20. Use `PreTrainedConfig.validate_layer_type` instead
[36m(vLLMHttpServer pid=16032)[0m `layer_type_validation` is deprecated and will be removed in v5.20. Use `PreTrainedConfig.validate_layer_type` instead
[36m(vLLMHttpServer pid=16032)[0m The argument `trust_remote_code` is to be used with Auto classes. It has no effect here and is ignored.
[36m(vLLMHttpServer pid=16032)[0m `layer_type_validation` is deprecated and will be removed in v5.20. Use `PreTrainedConfig.validate_layer_type` instead
[36m(vLLMHttpServer pid=16032)[0m `layer_type_validation` is deprecated and will be removed in v5.20. Use `PreTrainedConfig.validate_layer_type` instead
[36m(vLLMHttpServer pid=16032)[0m `layer_type_validation` is deprecated and will be removed in v5.20. Use `PreTrainedConfig.validate_layer_type` instead
[36m(vLLMHttpServer pid=16033)[0m (EngineCore pid=16333) `Qwen2VLImageProcessorFast` is deprecated. The `Fast` suffix for image processors has been removed; use `Qwen2VLImageProcessor` instead.
[36m(vLLMHttpServer pid=16033)[0m (EngineCore pid=16333) The `use_fast` parameter is deprecated and will be removed in a future version. Use `backend="torchvision"` instead of `use_fast=True`, or `backend="pil"` instead of `use_fast=False`.
[36m(vLLMHttpServer pid=16032)[0m The argument `trust_remote_code` is to be used with Auto classes. It has no effect here and is ignored.[32m [repeated 4x across cluster][0m
[36m(vLLMHttpServer pid=16032)[0m `layer_type_validation` is deprecated and will be removed in v5.20. Use `PreTrainedConfig.validate_layer_type` instead[32m [repeated 12x across cluster][0m
[36m(WorkerDict pid=15424)[0m /root/autodl-tmp/Vision-OPD-main/verl/utils/device.py:134: FutureWarning: torch.cuda._set_allocator_settings is deprecated. Use torch._C._accelerator_setAllocatorSettings instead.
[36m(WorkerDict pid=15424)[0m   torch.cuda.memory._set_allocator_settings(f"expandable_segments:{enable}")
[36m(TaskRunner pid=15002)[0m Training Progress:   0%|          | 0/8 [00:00<?, ?it/s]
[36m(AgentLoopWorker pid=17115)[0m W0905 20:41:40.830000 17115 site-packages/torch/utils/cpp_extension.py:118] No CUDA runtime is found, using CUDA_HOME='/usr/local/cuda'
[36m(vLLMHttpServer pid=16033)[0m The argument `trust_remote_code` is to be used with Auto classes. It has no effect here and is ignored.[32m [repeated 3x across cluster][0m
[36m(vLLMHttpServer pid=16033)[0m `layer_type_validation` is deprecated and will be removed in v5.20. Use `PreTrainedConfig.validate_layer_type` instead[32m [repeated 9x across cluster][0m
[36m(WorkerDict pid=15425)[0m /root/autodl-tmp/Vision-OPD-main/verl/utils/device.py:134: FutureWarning: torch.cuda._set_allocator_settings is deprecated. Use torch._C._accelerator_setAllocatorSettings instead.
[36m(WorkerDict pid=15425)[0m   torch.cuda.memory._set_allocator_settings(f"expandable_segments:{enable}")
[36m(AgentLoopWorker pid=17115)[0m Keyword argument `video_metadatas` is not a valid argument for this processor and will be ignored.
[36m(AgentLoopWorker pid=17114)[0m W0905 20:41:40.895000 17114 site-packages/torch/utils/cpp_extension.py:118] No CUDA runtime is found, using CUDA_HOME='/usr/local/cuda'

[36m(WorkerDict pid=15424)[0m     "num_heads": 16,
[36m(WorkerDict pid=15424)[0m     "num_position_embeddings": 2304,
[36m(WorkerDict pid=15424)[0m     "out_hidden_size": 2560,
[36m(WorkerDict pid=15424)[0m     "patch_size": 16,
[36m(WorkerDict pid=15424)[0m     "spatial_merge_size": 2,
[36m(WorkerDict pid=15424)[0m     "temporal_patch_size": 2
[36m(WorkerDict pid=15424)[0m   },
[36m(WorkerDict pid=15424)[0m   "vision_end_token_id": 248054,
[36m(WorkerDict pid=15424)[0m   "vision_start_token_id": 248053
[36m(WorkerDict pid=15424)[0m }
[36m(WorkerDict pid=15424)[0m 
[36m(WorkerDict pid=15424)[0m Monkey patch Qwen3_5ForConditionalGeneration model forward
[36m(WorkerDict pid=15424)[0m Monkey patch _flash_attention_forward in transformers.integrations.flash_attention
[36m(WorkerDict pid=15424)[0m Skipping monkey patch for Qwen3_5ForConditionalGeneration as use_fused_kernels is False or fused_kernels_backend is torch
[36m(WorkerDict pid=15425)[0m [Gloo] Rank 0 is connected to 0 peer ranks. Expected number of connected peer ranks is : 0[32m [repeated 2x across cluster][0m
[36m(WorkerDict pid=15424)[0m Qwen3_5ForConditionalGeneration contains 4.54B parameters
[36m(WorkerDict pid=15424)[0m wrap_policy: functools.partial(<function _or_policy at 0x7fc26ad3a2a0>, policies=[functools.partial(<function transformer_auto_wrap_policy at 0x7fc26ad3a160>, transformer_layer_cls={<class 'transformers.models.qwen3_5.modeling_qwen3_5.Qwen3_5VisionBlock'>, <class 'transformers.models.qwen3_5.modeling_qwen3_5.Qwen3_5DecoderLayer'>})])
[36m(WorkerDict pid=15424)[0m Ref use_remove_padding=True
[36m(WorkerDict pid=15424)[0m Ref use_fused_kernels=False
[36m(WorkerDict pid=15424)[0m Ref use_prefix_grouper=False
[36m(WorkerDict pid=15425)[0m Monkey patch Qwen3_5ForConditionalGeneration model forward
[36m(WorkerDict pid=15425)[0m Monkey patch _flash_attention_forward in transformers.integrations.flash_attention
[36m(WorkerDict pid=15425)[0m Skipping monkey patch for Qwen3_5ForConditionalGeneration as use_fused_kernels is False or fused_kernels_backend is torch
[36m(vLLMHttpServer pid=16032)[0m ['serve',
[36m(vLLMHttpServer pid=16032)[0m  '/root/autodl-tmp/models/Qwen3.5-4B',
[36m(vLLMHttpServer pid=16032)[0m  '--dtype',
[36m(vLLMHttpServer pid=16032)[0m  'bfloat16',
[36m(vLLMHttpServer pid=16032)[0m  '--load_format',
[36m(vLLMHttpServer pid=16032)[0m  'dummy',
[36m(vLLMHttpServer pid=16032)[0m  '--trust_remote_code',
[36m(vLLMHttpServer pid=16032)[0m  '--max_model_len',
[36m(vLLMHttpServer pid=16032)[0m  '9216',
[36m(vLLMHttpServer pid=16032)[0m  '--max_num_seqs',
[36m(vLLMHttpServer pid=16032)[0m  '1024',
[36m(vLLMHttpServer pid=16032)[0m  '--enable_chunked_prefill',
[36m(vLLMHttpServer pid=16032)[0m  '--max_num_batched_tokens',
[36m(vLLMHttpServer pid=16032)[0m  '9216',
[36m(vLLMHttpServer pid=16032)[0m  '--enable_prefix_caching',
[36m(vLLMHttpServer pid=16032)[0m  '--enable_sleep_mode',
[36m(vLLMHttpServer pid=16032)[0m  '--logprobs_mode',
[36m(vLLMHttpServer pid=16032)[0m  'processed_logprobs',
[36m(vLLMHttpServer pid=16032)[0m  '--disable_custom_all_reduce',
[36m(vLLMHttpServer pid=16032)[0m  '--gpu_memory_utilization',
[36m(vLLMHttpServer pid=16032)[0m  '0.4',
[36m(vLLMHttpServer pid=16032)[0m  '--disable_log_stats',
[36m(vLLMHttpServer pid=16032)[0m  '--tensor_parallel_size',
[36m(vLLMHttpServer pid=16032)[0m  '1',
[36m(vLLMHttpServer pid=16032)[0m  '--seed',
[36m(vLLMHttpServer pid=16032)[0m  '0',
[36m(vLLMHttpServer pid=16032)[0m  '--override_generation_config',
[36m(vLLMHttpServer pid=16032)[0m  '{"temperature": 1.0, "top_k": -1, "top_p": 1.0, "repetition_penalty": 1.0, '
[36m(vLLMHttpServer pid=16032)[0m  '"max_new_tokens": 1024}',
[36m(vLLMHttpServer pid=16032)[0m  '--hf_overrides',
[36m(vLLMHttpServer pid=16032)[0m  '{}',
[36m(vLLMHttpServer pid=16032)[0m  '--scheduling_policy',
[36m(vLLMHttpServer pid=16032)[0m  'fcfs',
[36m(vLLMHttpServer pid=16032)[0m  '--compilation_config',
[36m(vLLMHttpServer pid=16032)[0m  '{"cudagraph_capture_sizes": [1, 2, 4, 8], "pass_config": '
[36m(vLLMHttpServer pid=16032)[0m  '{"fuse_allreduce_rms": false}}',
[36m(vLLMHttpServer pid=16032)[0m  '--kernel_config',
[36m(vLLMHttpServer pid=16032)[0m  '{"enable_flashinfer_autotune": false}']
[36m(vLLMHttpServer pid=16032)[0m WARNING 09-05 20:40:23 [envs.py:1717] Unknown vLLM environment variable detected: VLLM_USE_V1
[36m(vLLMHttpServer pid=16032)[0m WARNING 09-05 20:40:23 [config.py:372] Mamba cache mode is set to 'align' for Qwen3_5ForConditionalGeneration by default when prefix caching is enabled
[36m(vLLMHttpServer pid=16032)[0m WARNING 09-05 20:40:24 [vllm.py:743] Async scheduling will be disabled because it is not supported with the `<class 'verl.workers.rollout.vllm_rollout.vllm_async_server.ExternalZeroMQDistributedExecutor'>` distributed executor backend (only `mp`, `uni`, and `external_launcher` are supported).
[36m(vLLMHttpServer pid=16033)[0m WARNING 09-05 20:40:34 [system_utils.py:152] We must use the `spawn` multiprocessing start method. Overriding VLLM_WORKER_MULTIPROC_METHOD to 'spawn'. See https://docs.vllm.ai/en/latest/usage/troubleshooting.html#python-multiprocessing for more information. Reasons: In a Ray actor and can only be spawned
[36m(vLLMHttpServer pid=16033)[0m WARNING 09-05 20:40:23 [envs.py:1717] Unknown vLLM environment variable detected: VLLM_USE_V1
[36m(vLLMHttpServer pid=16033)[0m WARNING 09-05 20:40:23 [config.py:372] Mamba cache mode is set to 'align' for Qwen3_5ForConditionalGeneration by default when prefix caching is enabled
[36m(vLLMHttpServer pid=16033)[0m WARNING 09-05 20:40:24 [vllm.py:743] Async scheduling will be disabled because it is not supported with the `<class 'verl.workers.rollout.vllm_rollout.vllm_async_server.ExternalZeroMQDistributedExecutor'>` distributed executor backend (only `mp`, `uni`, and `external_launcher` are supported).
[36m(WorkerDict pid=15425)[0m WARNING 09-05 20:40:43 [worker_base.py:287] Missing `shared_worker_lock` argument from executor. This argument is needed for mm_processor_cache_type='shm'.
[36m(vLLMHttpServer pid=16032)[0m WARNING 09-05 20:40:35 [system_utils.py:152] We must use the `spawn` multiprocessing start method. Overriding VLLM_WORKER_MULTIPROC_METHOD to 'spawn'. See https://docs.vllm.ai/en/latest/usage/troubleshooting.html#python-multiprocessing for more information. Reasons: In a Ray actor and can only be spawned
[36m(vLLMHttpServer pid=16032)[0m WARNING 09-05 20:41:24 [api_router.py:30] LoRA dynamic loading & unloading is enabled in the API server. This should ONLY be used for local development!
[36m(WorkerDict pid=15424)[0m WARNING 09-05 20:40:43 [worker_base.py:287] Missing `shared_worker_lock` argument from executor. This argument is needed for mm_processor_cache_type='shm'.
[36m(vLLMHttpServer pid=16032)[0m WARNING 09-05 20:41:24 [model.py:1376] Default vLLM sampling parameters have been overridden by the model's `generation_config.json`: `{'repetition_penalty': 1.0, 'temperature': 1.0, 'top_k': -1, 'top_p': 1.0, 'max_tokens': 1024}`. If this is not intended, please relaunch vLLM instance with `--generation-config vllm`.
[36m(TaskRunner pid=15002)[0m AgentLoopManager: ['172.17.0.2:33669', '172.17.0.2:42835']
[36m(vLLMHttpServer pid=16033)[0m WARNING 09-05 20:41:24 [api_router.py:30] LoRA dynamic loading & unloading is enabled in the API server. This should ONLY be used for local development!
[36m(vLLMHttpServer pid=16033)[0m WARNING 09-05 20:41:25 [model.py:1376] Default vLLM sampling parameters have been overridden by the model's `generation_config.json`: `{'repetition_penalty': 1.0, 'temperature': 1.0, 'top_k': -1, 'top_p': 1.0, 'max_tokens': 1024}`. If this is not intended, please relaunch vLLM instance with `--generation-config vllm`.
[36m(TaskRunner pid=15002)[0m Saving tensorboard log to tensorboard_log/Vision-OPD/E-D11-6K-VOPD-PILOT-064.
[36m(AgentLoopWorker pid=17114)[0m Using dataset class: RLHFDataset
[36m(vLLMHttpServer pid=16032)[0m WARNING 09-05 20:41:46 [input_processor.py:227] Passing raw prompts to InputProcessor is deprecated and will be removed in v0.18. You should instead pass the outputs of Renderer.render_cmpl() or Renderer.render_chat().[36m(TaskRunner pid=15002)[0m Training Progress:  12%|█▎        | 1/8 [01:16<08:58, 76.98s/it]
[36m(AgentLoopWorker pid=17114)[0m Keyword argument `video_metadatas` is not a valid argument for this processor and will be ignored.

[36m(TaskRunner pid=15002)[0m Dumped generations to /root/autodl-tmp/Vision-OPD-main/artifacts/runs/E-D11-6K-GATE-001/pilot/64/rollouts/1.jsonl
[36m(TaskRunner pid=15002)[0m step:1 - global_seqlen/min:19921 - global_seqlen/max:26743 - global_seqlen/minmax_diff:6822 - global_seqlen/balanced_min:23173 - global_seqlen/balanced_max:23491 - global_seqlen/mean:23332.0 - self_distillation/teacher_always_on_fraction:1.0 - self_distillation/teacher_image_swap_fraction:1.0 - self_distillation/policy_fallback_fraction:0.0 - self_distillation/grpo_fallback_count:0.0 - rollout_corr/rollout_is_mean:1.0 - rollout_corr/rollout_is_ratio_fraction_high:0.0 - rollout_corr/rollout_is_ratio_fraction_low:0.0 - rollout_corr/rollout_is_max:1.0 - rollout_corr/rollout_is_min:1.0 - rollout_corr/rollout_is_std:0.0 - rollout_corr/rollout_is_eff_sample_size:1.0 - rollout_corr/rollout_is_seq_mean:1.0 - rollout_corr/rollout_is_seq_std:0.0 - rollout_corr/rollout_is_seq_max:1.0 - rollout_corr/rollout_is_seq_min:1.0 - rollout_corr/rollout_is_seq_max_deviation:0.0 - rollout_corr/rollout_is_seq_fraction_high:0.0 - rollout_corr/rollout_is_seq_fraction_low:0.0 - rollout_corr/training_ppl:1.815881053606669 - rollout_corr/training_log_ppl:0.5710710734128952 - rollout_corr/kl:0.02127376478165388 - rollout_corr/k3_kl:0.015674882549016424 - rollout_corr/rollout_ppl:1.7525950272878013 - rollout_corr/rollout_log_ppl:0.5410099898775419 - rollout_corr/log_ppl_diff:0.03006107360124588 - rollout_corr/log_ppl_abs_diff:0.033223676184813186 - rollout_corr/log_ppl_diff_max:0.18032044172286987 - rollout_corr/log_ppl_diff_min:-0.0052134692668914795 - rollout_corr/ppl_ratio:1.03240297238032 - rollout_corr/chi2_token:0.018615514039993286 - rollout_corr/chi2_seq:0.43235676487286884 - actor/pg_loss:0.007769451316562481 - actor/kl_loss:0.0 - actor/grpo_loss:0.0 - actor/vopd_loss:0.007769451316562481 - actor/vopd_loss_weighted:0.007769451316562481 - actor/policy_fallback_fraction:0.0 - self_distillation/raw_jsd_token_mean:0.04815459670498967 - self_distillation/weighted_jsd_token_mean:0.04815459670498967 - self_distillation/self_distillation_mask.mean():1.0 - self_distillation/num_distill_tokens:153.33333333333334 - self_distillation/empty_target_batch:0.0 - actor/grad_norm:1.1921284198760986 - timing_s/update_actor/student_forward:3.3836048203520477 - timing_s/update_actor/teacher_forward:13.02922215219587 - timing_s/update_actor/loss_compute:0.005968642886728048 - timing_s/update_actor/backward:7.983097526244819 - timing_s/update_actor/optimizer_step:0.126417791005224 - timing_s/update_actor/teacher_ema_update:6.952222009189427 - evidence/runtime_probe_enabled:1.0 - evidence/parameter_probe_elements:512.0 - evidence/student_param_probe_max_delta_after_optimizer:0.0 - evidence/teacher_param_probe_max_delta_after_optimizer:0.0 - evidence/teacher_grad_non_none_count:0.0 - evidence/teacher_param_probe_max_delta_after_ema:2.384185791015625e-07 - evidence/ema_update_applied:1.0 - perf/mfu/actor:0.0 - perf/max_memory_allocated_gb:90.77810525894165 - perf/max_memory_reserved_gb:103.39453125 - perf/cpu_memory_used_gb:145.27803802490234 - actor/lr:0.0 - training/global_step:1 - training/epoch:0 - response_length/mean:115.0 - response_length/max:255.0 - response_length/min:4.0 - response_length/clip_ratio:0.0 - response_length_non_aborted/mean:115.0 - response_length_non_aborted/max:255.0 - response_length_non_aborted/min:4.0 - response_length_non_aborted/clip_ratio:0.0 - response/aborted_ratio:0.0 - prompt_length/mean:5718.0 - prompt_length/max:7880.0 - prompt_length/min:3132.0 - prompt_length/clip_ratio:0.0 - num_turns/min:2 - num_turns/max:2 - num_turns/mean:2.0 - timing_s/start_profile:8.766911923885345e-05 - timing_s/agent_loop/generate_sequences/min:12.054414860438555 - timing_s/agent_loop/generate_sequences/max:15.310211316216737 - timing_s/agent_loop/generate_sequences/mean:13.613406801363453 - timing_s/agent_loop/tool_calls/min:0.0 - timing_s/agent_loop/tool_calls/max:0.0 - timing_s/agent_loop/tool_calls/mean:0.0 - timing_s/agent_loop/slowest/generate_sequences:15.310211316216737 - timing_s/agent_loop/slowest/tool_calls:0.0 - timing_s/agent_loop/slowest/prompt_length:3362 - timing_s/agent_loop/slowest/response_length:255 - timing_s/gen:30.073783184867352 - timing_s/adv:0.985327823087573 - timing_s/update_actor:45.87795546511188 - timing_s/dump_rollout_generations:0.011181013192981482 - timing_s/step:76.96072020800784 - timing_s/stop_profile:6.420165300369263e-05 - timing_per_token_ms/gen:32.68889476616017 - timing_per_token_ms/adv:0.021115374230404018 - timing_per_token_ms/update_actor:0.9831552259795963 - perf/total_num_tokens:46664 - perf/time_per_step:76.96072020800784 - perf/throughput:303.167641063373
[36m(AgentLoopWorker pid=17115)[0m Using dataset class: RLHFDataset
[36m(vLLMHttpServer pid=16033)[0m WARNING 09-05 20:41:47 [input_processor.py:227] Passing raw prompts to InputProcessor is deprecated and will be removed in v0.18. You should instead pass the outputs of Renderer.render_cmpl() or Renderer.render_chat().
[36m(TaskRunner pid=15002)[0m Dumped generations to /root/autodl-tmp/Vision-OPD-main/artifacts/runs/E-D11-6K-GATE-001/pilot/64/rollouts/2.jsonl
[36m(TaskRunner pid=15002)[0m step:2 - global_seqlen/min:16893 - global_seqlen/max:21820 - global_seqlen/minmax_diff:4927 - global_seqlen/balanced_min:19284 - global_seqlen/balanced_max:19429 - global_seqlen/mean:19356.5 - self_distillation/teacher_always_on_fraction:1.0 - self_distillation/teacher_image_swap_fraction:1.0 - self_distillation/policy_fallback_fraction:0.0 - self_distillation/grpo_fallback_count:0.0 - rollout_corr/rollout_is_mean:1.0 - rollout_corr/rollout_is_ratio_fraction_high:0.0 - rollout_corr/rollout_is_ratio_fraction_low:0.0 - rollout_corr/rollout_is_max:1.0 - rollout_corr/rollout_is_min:1.0 - rollout_corr/rollout_is_std:0.0 - rollout_corr/rollout_is_eff_sample_size:1.0 - rollout_corr/rollout_is_seq_mean:1.0 - rollout_corr/rollout_is_seq_std:0.0 - rollout_corr/rollout_is_seq_max:1.0 - rollout_corr/rollout_is_seq_min:1.0 - rollout_corr/rollout_is_seq_max_deviation:0.0 - rollout_corr/rollout_is_seq_fraction_high:0.0 - rollout_corr/rollout_is_seq_fraction_low:0.0 - rollout_corr/training_ppl:1.6173566182454429 - rollout_corr/training_log_ppl:0.45119590560595196 - rollout_corr/kl:0.03993129055015743 - rollout_corr/k3_kl:0.07202132455616568 - rollout_corr/rollout_ppl:1.572016954421997 - rollout_corr/rollout_log_ppl:0.42792731523513794 - rollout_corr/log_ppl_diff:0.02326859285434087 - rollout_corr/log_ppl_abs_diff:0.04023045549790065 - rollout_corr/log_ppl_diff_max:0.2317657470703125 - rollout_corr/log_ppl_diff_min:-0.04428383708000183 - rollout_corr/ppl_ratio:1.0261930425961814 - rollout_corr/chi2_token:0.41079159577687585 - rollout_corr/chi2_seq:0.2899778485298157 - actor/pg_loss:0.01293701332724595 - actor/kl_loss:0.0 - actor/grpo_loss:0.0 - actor/vopd_loss:0.01293701332724595 - actor/vopd_loss_weighted:0.01293701332724595 - actor/policy_fallback_fraction:0.0 - self_distillation/raw_jsd_token_mean:0.026977444533258677 - self_distillation/weighted_jsd_token_mean:0.026977444533258677 - self_distillation/self_distillation_mask.mean():1.0 - self_distillation/num_distill_tokens:93.16666666666667 - self_distillation/empty_target_batch:0.0 - actor/grad_norm:1.4489530324935913 - timing_s/update_actor/student_forward:2.5763406176120043 - timing_s/update_actor/teacher_forward:1.3956461348570883 - timing_s/update_actor/loss_compute:0.003652025479823351 - timing_s/update_actor/backward:6.742075148504227 - timing_s/update_actor/optimizer_step:0.08652106067165732 - timing_s/update_actor/teacher_ema_update:6.9496291796676815 - evidence/runtime_probe_enabled:1.0 - evidence/parameter_probe_elements:512.0 - evidence/student_param_probe_max_delta_after_optimizer:2.384185791015625e-07 - evidence/teacher_param_probe_max_delta_after_optimizer:0.0 - evidence/teacher_grad_non_none_count:0.0 - evidence/teacher_param_probe_max_delta_after_ema:2.384185791015625e-07 - evidence/ema_update_applied:1.0 - perf/mfu/actor:0.0 - perf/max_memory_allocated_gb:100.25583457946777 - perf/max_memory_reserved_gb:115.298828125 - perf/cpu_memory_used_gb:211.2541961669922 - actor/lr:2e-07 - training/global_step:2 - training/epoch:0 - response_length/mean:69.875 - response_length/max:143.0 - response_length/min:4.0 - response_length/clip_ratio:0.0 - response_length_non_aborted/mean:69.875 - response_length_non_aborted/max:143.0 - response_length_non_aborted/min:4.0 - response_length_non_aborted/clip_ratio:0.0 - response/aborted_ratio:0.0 - prompt_length/mean:4769.25 - prompt_length/max:7318.0 - prompt_length/min:3369.0 - prompt_length/clip_ratio:0.0 - num_turns/min:2 - num_turns/max:2 - num_turns/mean:2.0 - timing_s/start_profile:6.581610068678856e-05 - timing_s/agent_loop/generate_sequences/min:1.74793971888721 - timing_s/agent_loop/generate_sequences/max:4.924377327784896 - timing_s/agent_loop/generate_sequences/mean:3.291158660664223 - timing_s/agent_loop/tool_calls/min:0.0 - timing_s/agent_loop/tool_calls/max:0.0 - timing_s/agent_loop/tool_calls/mean:0.0 - timing_s/agent_loop/slowest/generate_sequences:4.924377327784896 - timing_s/agent_loop/slowest/tool_calls:0.0 - timing_s/agent_loop/slowest/prompt_length:7318 - timing_s/agent_loop/slowest/response_length:135 - timing_s/gen:13.111408645752817 - timing_s/adv:0.9281354048289359 - timing_s/update_actor:22.30193502502516 - timing_s/dump_rollout_generations:0.026630742009729147 - timing_s/step:36.38030318822712 - timing_s/stop_profile:0.00016039004549384117 - timing_per_token_ms/gen:23.455113856445113 - timing_per_token_ms/adv:0.023974773456692477 - timing_per_token_ms/update_actor:0.5760838742806075 - perf/total_num_tokens:38713 - perf/time_per_step:36.38030318822712 - perf/throughput:532.0598869078111[36m(TaskRunner pid=15002)[0m Training Progress:  25%|██▌       | 2/8 [01:53<05:18, 53.15s/it]
[36m(WorkerDict pid=15425)[0m /root/autodl-tmp/Vision-OPD-main/verl/utils/device.py:134: FutureWarning: torch.cuda._set_allocator_settings is deprecated. Use torch._C._accelerator_setAllocatorSettings instead.
[36m(WorkerDict pid=15425)[0m   torch.cuda.memory._set_allocator_settings(f"expandable_segments:{enable}")
[36m(TaskRunner pid=15002)[0m Training Progress:  38%|███▊      | 3/8 [02:51<04:37, 55.54s/it]
[36m(WorkerDict pid=15425)[0m /root/autodl-tmp/Vision-OPD-main/verl/utils/device.py:134: FutureWarning: torch.cuda._set_allocator_settings is deprecated. Use torch._C._accelerator_setAllocatorSettings instead.
[36m(WorkerDict pid=15425)[0m   torch.cuda.memory._set_allocator_settings(f"expandable_segments:{enable}")

[36m(TaskRunner pid=15002)[0m Dumped generations to /root/autodl-tmp/Vision-OPD-main/artifacts/runs/E-D11-6K-GATE-001/pilot/64/rollouts/3.jsonl
[36m(TaskRunner pid=15002)[0m step:3 - global_seqlen/min:16062 - global_seqlen/max:20425 - global_seqlen/minmax_diff:4363 - global_seqlen/balanced_min:18131 - global_seqlen/balanced_max:18356 - global_seqlen/mean:18243.5 - self_distillation/teacher_always_on_fraction:1.0 - self_distillation/teacher_image_swap_fraction:1.0 - self_distillation/policy_fallback_fraction:0.0 - self_distillation/grpo_fallback_count:0.0 - rollout_corr/rollout_is_mean:1.0 - rollout_corr/rollout_is_ratio_fraction_high:0.0 - rollout_corr/rollout_is_ratio_fraction_low:0.0 - rollout_corr/rollout_is_max:1.0 - rollout_corr/rollout_is_min:1.0 - rollout_corr/rollout_is_std:0.0 - rollout_corr/rollout_is_eff_sample_size:1.0 - rollout_corr/rollout_is_seq_mean:1.0 - rollout_corr/rollout_is_seq_std:0.0 - rollout_corr/rollout_is_seq_max:1.0 - rollout_corr/rollout_is_seq_min:1.0 - rollout_corr/rollout_is_seq_max_deviation:0.0 - rollout_corr/rollout_is_seq_fraction_high:0.0 - rollout_corr/rollout_is_seq_fraction_low:0.0 - rollout_corr/training_ppl:1.7298822402954102 - rollout_corr/training_log_ppl:0.5015860553830862 - rollout_corr/kl:0.13701236178167164 - rollout_corr/k3_kl:0.13762263730313862 - rollout_corr/rollout_ppl:1.546374350786209 - rollout_corr/rollout_log_ppl:0.4058798588812351 - rollout_corr/log_ppl_diff:0.09570620581507683 - rollout_corr/log_ppl_abs_diff:0.09617208503186703 - rollout_corr/log_ppl_diff_max:0.304553747177124 - rollout_corr/log_ppl_diff_min:-0.002795279026031494 - rollout_corr/ppl_ratio:1.106106698513031 - rollout_corr/chi2_token:0.6303624659776688 - rollout_corr/chi2_seq:-0.4806133061647415 - actor/pg_loss:0.014418198974453844 - actor/kl_loss:0.0 - actor/grpo_loss:0.0 - actor/vopd_loss:0.014418198974453844 - actor/vopd_loss_weighted:0.014418198974453844 - actor/policy_fallback_fraction:0.0 - self_distillation/raw_jsd_token_mean:0.035001123789697886 - self_distillation/weighted_jsd_token_mean:0.035001123789697886 - self_distillation/self_distillation_mask.mean():1.0 - self_distillation/num_distill_tokens:103.75 - self_distillation/empty_target_batch:0.0 - actor/grad_norm:2.7011709213256836 - timing_s/update_actor/student_forward:13.846789048053324 - timing_s/update_actor/teacher_forward:1.1044578971341252 - timing_s/update_actor/loss_compute:0.0029723490588366985 - timing_s/update_actor/backward:19.16461805300787 - timing_s/update_actor/optimizer_step:0.08611956425011158 - timing_s/update_actor/teacher_ema_update:6.8321092408150434 - evidence/runtime_probe_enabled:1.0 - evidence/parameter_probe_elements:512.0 - evidence/student_param_probe_max_delta_after_optimizer:4.76837158203125e-07 - evidence/teacher_param_probe_max_delta_after_optimizer:0.0 - evidence/teacher_grad_non_none_count:0.0 - evidence/teacher_param_probe_max_delta_after_ema:1.1920928955078125e-07 - evidence/ema_update_applied:1.0 - perf/mfu/actor:0.0 - perf/max_memory_allocated_gb:108.4178056716919 - perf/max_memory_reserved_gb:119.91015625 - perf/cpu_memory_used_gb:211.50177764892578 - actor/lr:4e-07 - training/global_step:3 - training/epoch:0 - response_length/mean:51.875 - response_length/max:131.0 - response_length/min:4.0 - response_length/clip_ratio:0.0 - response_length_non_aborted/mean:51.875 - response_length_non_aborted/max:131.0 - response_length_non_aborted/min:4.0 - response_length_non_aborted/clip_ratio:0.0 - response/aborted_ratio:0.0 - prompt_length/mean:4509.0 - prompt_length/max:7032.0 - prompt_length/min:3364.0 - prompt_length/clip_ratio:0.0 - num_turns/min:2 - num_turns/max:2 - num_turns/mean:2.0 - timing_s/start_profile:0.00012752320617437363 - timing_s/agent_loop/generate_sequences/min:1.6951396600343287 - timing_s/agent_loop/generate_sequences/max:4.227441036142409 - timing_s/agent_loop/generate_sequences/mean:2.87390143139055 - timing_s/agent_loop/tool_calls/min:0.0 - timing_s/agent_loop/tool_calls/max:0.0 - timing_s/agent_loop/tool_calls/mean:0.0 - timing_s/agent_loop/slowest/generate_sequences:4.227441036142409 - timing_s/agent_loop/slowest/tool_calls:0.0 - timing_s/agent_loop/slowest/prompt_length:5664 - timing_s/agent_loop/slowest/response_length:103 - timing_s/gen:11.760298694949597 - timing_s/adv:0.6164126642979681 - timing_s/update_actor:45.87304648710415 - timing_s/dump_rollout_generations:0.028954407200217247 - timing_s/step:58.29132243199274 - timing_s/stop_profile:0.00016204221174120903 - timing_per_token_ms/gen:28.33806914445686 - timing_per_token_ms/adv:0.0168940352535963 - timing_per_token_ms/update_actor:1.2572435795517347 - perf/total_num_tokens:36487 - perf/time_per_step:58.29132243199274 - perf/throughput:312.9711119744162
[36m(TaskRunner pid=15002)[0m Dumped generations to /root/autodl-tmp/Vision-OPD-main/artifacts/runs/E-D11-6K-GATE-001/pilot/64/rollouts/4.jsonl
[36m(TaskRunner pid=15002)[0m step:4 - global_seqlen/min:16595 - global_seqlen/max:19967 - global_seqlen/minmax_diff:3372 - global_seqlen/balanced_min:18046 - global_seqlen/balanced_max:18516 - global_seqlen/mean:18281.0 - self_distillation/teacher_always_on_fraction:1.0 - self_distillation/teacher_image_swap_fraction:1.0 - self_distillation/policy_fallback_fraction:0.0 - self_distillation/grpo_fallback_count:0.0 - rollout_corr/rollout_is_mean:1.0 - rollout_corr/rollout_is_ratio_fraction_high:0.0 - rollout_corr/rollout_is_ratio_fraction_low:0.0 - rollout_corr/rollout_is_max:1.0 - rollout_corr/rollout_is_min:1.0 - rollout_corr/rollout_is_std:0.0 - rollout_corr/rollout_is_eff_sample_size:1.0 - rollout_corr/rollout_is_seq_mean:1.0 - rollout_corr/rollout_is_seq_std:0.0 - rollout_corr/rollout_is_seq_max:1.0 - rollout_corr/rollout_is_seq_min:1.0 - rollout_corr/rollout_is_seq_max_deviation:0.0 - rollout_corr/rollout_is_seq_fraction_high:0.0 - rollout_corr/rollout_is_seq_fraction_low:0.0 - rollout_corr/training_ppl:1.6845043698946633 - rollout_corr/training_log_ppl:0.4639907156427701 - rollout_corr/kl:0.02911672911432106 - rollout_corr/k3_kl:0.02653886776533909 - rollout_corr/rollout_ppl:1.6521783471107483 - rollout_corr/rollout_log_ppl:0.4441700354218483 - rollout_corr/log_ppl_diff:0.019820687671502434 - rollout_corr/log_ppl_abs_diff:0.0363302007317543 - rollout_corr/log_ppl_diff_max:0.18439903855323792 - rollout_corr/log_ppl_diff_min:-0.028986334800720215 - rollout_corr/ppl_ratio:1.0218972663084664 - rollout_corr/chi2_token:0.11757745345433553 - rollout_corr/chi2_seq:-0.15226751565933228 - actor/pg_loss:0.012137713179981802 - actor/kl_loss:0.0 - actor/grpo_loss:0.0 - actor/vopd_loss:0.012137713179981802 - actor/vopd_loss_weighted:0.012137713179981802 - actor/policy_fallback_fraction:0.0 - self_distillation/raw_jsd_token_mean:0.045657899851600334 - self_distillation/weighted_jsd_token_mean:0.045657899851600334 - self_distillation/self_distillation_mask.mean():1.0 - self_distillation/num_distill_tokens:81.5 - self_distillation/empty_target_batch:0.0 - actor/grad_norm:1.204707145690918 - timing_s/update_actor/student_forward:2.426106889732182 - timing_s/update_actor/teacher_forward:1.4146550195291638 - timing_s/update_actor/loss_compute:0.004263913258910179 - timing_s/update_actor/backward:19.81411171052605 - timing_s/update_actor/optimizer_step:0.0868415329605341 - timing_s/update_actor/teacher_ema_update:7.011252268217504 - evidence/runtime_probe_enabled:1.0 - evidence/parameter_probe_elements:512.0 - evidence/student_param_probe_max_delta_after_optimizer:7.152557373046875e-07 - evidence/teacher_param_probe_max_delta_after_optimizer:0.0 - evidence/teacher_grad_non_none_count:0.0 - evidence/teacher_param_probe_max_delta_after_ema:1.1920928955078125e-07 - evidence/ema_update_applied:1.0 - perf/mfu/actor:0.0 - perf/max_memory_allocated_gb:108.4178056716919 - perf/max_memory_reserved_gb:119.91015625 - perf/cpu_memory_used_gb:199.79002571105957 - actor/lr:6e-07 - training/global_step:4 - training/epoch:0 - response_length/mean:61.125 - response_length/max:215.0 - response_length/min:4.0 - response_length/clip_ratio:0.0 - response_length_non_aborted/mean:61.125 - response_length_non_aborted/max:215.0 - response_length_non_aborted/min:4.0 - response_length_non_aborted/clip_ratio:0.0 - response/aborted_ratio:0.0 - prompt_length/mean:4509.125 - prompt_length/max:6700.0 - prompt_length/min:2986.0 - prompt_length/clip_ratio:0.0 - num_turns/min:2 - num_turns/max:2 - num_turns/mean:2.0 - timing_s/start_profile:0.00014647282660007477 - timing_s/agent_loop/generate_sequences/min:1.814558677840978 - timing_s/agent_loop/generate_sequences/max:4.388248221948743 - timing_s/agent_loop/generate_sequences/mean:3.059459759911988 - timing_s/agent_loop/tool_calls/min:0.0 - timing_s/agent_loop/tool_calls/max:0.0 - timing_s/agent_loop/tool_calls/mean:0.0 - timing_s/agent_loop/slowest/generate_sequences:4.388248221948743 - timing_s/agent_loop/slowest/tool_calls:0.0 - timing_s/agent_loop/slowest/prompt_length:5527 - timing_s/agent_loop/slowest/response_length:171 - timing_s/gen:12.911182737909257 - timing_s/adv:0.7194787561893463 - timing_s/update_actor:34.57280816184357 - timing_s/dump_rollout_generations:0.02780902711674571 - timing_s/step:48.24797488003969 - timing_s/stop_profile:0.00016900291666388512 - timing_per_token_ms/gen:26.403236682841015 - timing_per_token_ms/adv:0.01967832055657093 - timing_per_token_ms/update_actor:0.9455940091308891 - perf/total_num_tokens:36562 - perf/time_per_step:48.24797488003969 - perf/throughput:378.89673184113053[36m(TaskRunner pid=15002)[0m Training Progress:  50%|█████     | 4/8 [03:40<03:30, 52.70s/it]
[36m(WorkerDict pid=15425)[0m /root/autodl-tmp/Vision-OPD-main/verl/utils/device.py:134: FutureWarning: torch.cuda._set_allocator_settings is deprecated. Use torch._C._accelerator_setAllocatorSettings instead.
[36m(WorkerDict pid=15425)[0m   torch.cuda.memory._set_allocator_settings(f"expandable_segments:{enable}")
[36m(TaskRunner pid=15002)[0m Training Progress:  62%|██████▎   | 5/8 [04:13<02:16, 45.59s/it]

[36m(TaskRunner pid=15002)[0m Dumped generations to /root/autodl-tmp/Vision-OPD-main/artifacts/runs/E-D11-6K-GATE-001/pilot/64/rollouts/5.jsonl
[36m(TaskRunner pid=15002)[0m step:5 - global_seqlen/min:15685 - global_seqlen/max:18533 - global_seqlen/minmax_diff:2848 - global_seqlen/balanced_min:17008 - global_seqlen/balanced_max:17210 - global_seqlen/mean:17109.0 - self_distillation/teacher_always_on_fraction:1.0 - self_distillation/teacher_image_swap_fraction:1.0 - self_distillation/policy_fallback_fraction:0.0 - self_distillation/grpo_fallback_count:0.0 - rollout_corr/rollout_is_mean:1.0 - rollout_corr/rollout_is_ratio_fraction_high:0.0 - rollout_corr/rollout_is_ratio_fraction_low:0.0 - rollout_corr/rollout_is_max:1.0 - rollout_corr/rollout_is_min:1.0 - rollout_corr/rollout_is_std:0.0 - rollout_corr/rollout_is_eff_sample_size:1.0 - rollout_corr/rollout_is_seq_mean:1.0 - rollout_corr/rollout_is_seq_std:0.0 - rollout_corr/rollout_is_seq_max:1.0 - rollout_corr/rollout_is_seq_min:1.0 - rollout_corr/rollout_is_seq_max_deviation:0.0 - rollout_corr/rollout_is_seq_fraction_high:0.0 - rollout_corr/rollout_is_seq_fraction_low:0.0 - rollout_corr/training_ppl:2.284562647342682 - rollout_corr/training_log_ppl:0.6917975842952728 - rollout_corr/kl:0.09652341343462467 - rollout_corr/k3_kl:0.13590826513245702 - rollout_corr/rollout_ppl:2.3062449395656586 - rollout_corr/rollout_log_ppl:0.6513404250144958 - rollout_corr/log_ppl_diff:0.040457192808389664 - rollout_corr/log_ppl_abs_diff:0.1119862012565136 - rollout_corr/log_ppl_diff_max:0.2533668279647827 - rollout_corr/log_ppl_diff_min:-0.2348783016204834 - rollout_corr/ppl_ratio:1.0525136291980743 - rollout_corr/chi2_token:0.6400823891162872 - rollout_corr/chi2_seq:-0.22007858753204346 - actor/pg_loss:0.018103892958606593 - actor/kl_loss:0.0 - actor/grpo_loss:0.0 - actor/vopd_loss:0.018103892958606593 - actor/vopd_loss_weighted:0.018103892958606593 - actor/policy_fallback_fraction:0.0 - self_distillation/raw_jsd_token_mean:0.03025741525925696 - self_distillation/weighted_jsd_token_mean:0.03025741525925696 - self_distillation/self_distillation_mask.mean():1.0 - self_distillation/num_distill_tokens:105.0 - self_distillation/empty_target_batch:0.0 - actor/grad_norm:4.050677299499512 - timing_s/update_actor/student_forward:2.127438677009195 - timing_s/update_actor/teacher_forward:0.9920268207788467 - timing_s/update_actor/loss_compute:0.00323988264426589 - timing_s/update_actor/backward:5.099412915762514 - timing_s/update_actor/optimizer_step:0.08612219709903002 - timing_s/update_actor/teacher_ema_update:7.0510763810016215 - evidence/runtime_probe_enabled:1.0 - evidence/parameter_probe_elements:512.0 - evidence/student_param_probe_max_delta_after_optimizer:7.80448317527771e-07 - evidence/teacher_param_probe_max_delta_after_optimizer:0.0 - evidence/teacher_grad_non_none_count:0.0 - evidence/teacher_param_probe_max_delta_after_ema:1.1920928955078125e-07 - evidence/ema_update_applied:1.0 - perf/mfu/actor:0.0 - perf/max_memory_allocated_gb:108.4178056716919 - perf/max_memory_reserved_gb:119.91015625 - perf/cpu_memory_used_gb:199.89412307739258 - actor/lr:8e-07 - training/global_step:5 - training/epoch:0 - response_length/mean:52.5 - response_length/max:181.0 - response_length/min:2.0 - response_length/clip_ratio:0.0 - response_length_non_aborted/mean:52.5 - response_length_non_aborted/max:181.0 - response_length_non_aborted/min:2.0 - response_length_non_aborted/clip_ratio:0.0 - response/aborted_ratio:0.0 - prompt_length/mean:4224.75 - prompt_length/max:6047.0 - prompt_length/min:3360.0 - prompt_length/clip_ratio:0.0 - num_turns/min:2 - num_turns/max:2 - num_turns/mean:2.0 - timing_s/start_profile:0.0001516072079539299 - timing_s/agent_loop/generate_sequences/min:1.8057620623148978 - timing_s/agent_loop/generate_sequences/max:4.534818062093109 - timing_s/agent_loop/generate_sequences/mean:2.9440008965320885 - timing_s/agent_loop/tool_calls/min:0.0 - timing_s/agent_loop/tool_calls/max:0.0 - timing_s/agent_loop/tool_calls/mean:0.0 - timing_s/agent_loop/slowest/generate_sequences:4.534818062093109 - timing_s/agent_loop/slowest/tool_calls:0.0 - timing_s/agent_loop/slowest/prompt_length:3366 - timing_s/agent_loop/slowest/response_length:181 - timing_s/gen:12.46894795820117 - timing_s/adv:0.6981240622699261 - timing_s/update_actor:19.693760448135436 - timing_s/dump_rollout_generations:0.01055905781686306 - timing_s/step:32.88194809574634 - timing_s/stop_profile:6.221188232302666e-05 - timing_per_token_ms/gen:29.687971329050406 - timing_per_token_ms/adv:0.020402246252554972 - timing_per_token_ms/update_actor:0.575538034021142 - perf/total_num_tokens:34218 - perf/time_per_step:32.88194809574634 - perf/throughput:520.3158873124445
[36m(TaskRunner pid=15002)[0m Dumped generations to /root/autodl-tmp/Vision-OPD-main/artifacts/runs/E-D11-6K-GATE-001/pilot/64/rollouts/6.jsonl
[36m(TaskRunner pid=15002)[0m step:6 - global_seqlen/min:15765 - global_seqlen/max:18758 - global_seqlen/minmax_diff:2993 - global_seqlen/balanced_min:16868 - global_seqlen/balanced_max:17655 - global_seqlen/mean:17261.5 - self_distillation/teacher_always_on_fraction:1.0 - self_distillation/teacher_image_swap_fraction:1.0 - self_distillation/policy_fallback_fraction:0.0 - self_distillation/grpo_fallback_count:0.0 - rollout_corr/rollout_is_mean:1.0 - rollout_corr/rollout_is_ratio_fraction_high:0.0 - rollout_corr/rollout_is_ratio_fraction_low:0.0 - rollout_corr/rollout_is_max:1.0 - rollout_corr/rollout_is_min:1.0 - rollout_corr/rollout_is_std:0.0 - rollout_corr/rollout_is_eff_sample_size:1.0 - rollout_corr/rollout_is_seq_mean:1.0 - rollout_corr/rollout_is_seq_std:0.0 - rollout_corr/rollout_is_seq_max:1.0 - rollout_corr/rollout_is_seq_min:1.0 - rollout_corr/rollout_is_seq_max_deviation:0.0 - rollout_corr/rollout_is_seq_fraction_high:0.0 - rollout_corr/rollout_is_seq_fraction_low:0.0 - rollout_corr/training_ppl:1.8562592566013336 - rollout_corr/training_log_ppl:0.5507926791906357 - rollout_corr/kl:-0.10396180488169193 - rollout_corr/k3_kl:2.1087432568892837 - rollout_corr/rollout_ppl:1.9968969821929932 - rollout_corr/rollout_log_ppl:0.631485104560852 - rollout_corr/log_ppl_diff:-0.08069243282079697 - rollout_corr/log_ppl_abs_diff:0.1618196964263916 - rollout_corr/log_ppl_diff_max:0.1558699905872345 - rollout_corr/log_ppl_diff_min:-0.9507806301116943 - rollout_corr/ppl_ratio:0.9638354778289795 - rollout_corr/chi2_token:114.41867835819721 - rollout_corr/chi2_seq:250.8778331577778 - actor/pg_loss:0.015539026746409945 - actor/kl_loss:0.0 - actor/grpo_loss:0.0 - actor/vopd_loss:0.015539026746409945 - actor/vopd_loss_weighted:0.015539026746409945 - actor/policy_fallback_fraction:0.0 - self_distillation/raw_jsd_token_mean:0.03829922853037715 - self_distillation/weighted_jsd_token_mean:0.03829922853037715 - self_distillation/self_distillation_mask.mean():1.0 - self_distillation/num_distill_tokens:217.5 - self_distillation/empty_target_batch:0.0 - actor/grad_norm:2.0312745571136475 - timing_s/update_actor/student_forward:2.146650322712958 - timing_s/update_actor/teacher_forward:0.9764175000600517 - timing_s/update_actor/loss_compute:0.0031329491175711155 - timing_s/update_actor/backward:5.2284556003287435 - timing_s/update_actor/optimizer_step:0.08641302678734064 - timing_s/update_actor/teacher_ema_update:7.112854744773358 - evidence/runtime_probe_enabled:1.0 - evidence/parameter_probe_elements:512.0 - evidence/student_param_probe_max_delta_after_optimizer:9.784707799553871e-07 - evidence/teacher_param_probe_max_delta_after_optimizer:0.0 - evidence/teacher_grad_non_none_count:0.0 - evidence/teacher_param_probe_max_delta_after_ema:2.384185791015625e-07 - evidence/ema_update_applied:1.0 - perf/mfu/actor:0.0 - perf/max_memory_allocated_gb:108.4178056716919 - perf/max_memory_reserved_gb:119.91015625 - perf/cpu_memory_used_gb:200.1941032409668 - actor/lr:1e-06 - training/global_step:6 - training/epoch:0 - response_length/mean:108.75 - response_length/max:354.0 - response_length/min:2.0 - response_length/clip_ratio:0.0 - response_length_non_aborted/mean:108.75 - response_length_non_aborted/max:354.0 - response_length_non_aborted/min:2.0 - response_length_non_aborted/clip_ratio:0.0 - response/aborted_ratio:0.0 - prompt_length/mean:4206.625 - prompt_length/max:5949.0 - prompt_length/min:3364.0 - prompt_length/clip_ratio:0.0 - num_turns/min:2 - num_turns/max:2 - num_turns/mean:2.0 - timing_s/start_profile:7.219333201646805e-05 - timing_s/agent_loop/generate_sequences/min:1.736705535557121 - timing_s/agent_loop/generate_sequences/max:5.7685629688203335 - timing_s/agent_loop/generate_sequences/mean:3.377804612973705 - timing_s/agent_loop/tool_calls/min:0.0 - timing_s/agent_loop/tool_calls/max:0.0 - timing_s/agent_loop/tool_calls/mean:0.0 - timing_s/agent_loop/slowest/generate_sequences:5.7685629688203335 - timing_s/agent_loop/slowest/tool_calls:0.0 - timing_s/agent_loop/slowest/prompt_length:3377 - timing_s/agent_loop/slowest/response_length:354 - timing_s/gen:13.395117398817092 - timing_s/adv:0.5164774069562554 - timing_s/update_actor:19.309890552889556 - timing_s/dump_rollout_generations:0.027407515328377485 - timing_s/step:33.257079454138875 - timing_s/stop_profile:0.00015057390555739403 - timing_per_token_ms/gen:15.396686665307003 - timing_per_token_ms/adv:0.014960386031232958 - timing_per_token_ms/update_actor:0.5593340831587509 - perf/total_num_tokens:34523 - perf/time_per_step:33.257079454138875 - perf/throughput:519.0323468963475[36m(TaskRunner pid=15002)[0m Training Progress:  75%|███████▌  | 6/8 [04:46<01:22, 41.43s/it]
[36m(TaskRunner pid=15002)[0m Training Progress:  88%|████████▊ | 7/8 [05:19<00:38, 38.70s/it]
[36m(WorkerDict pid=15424)[0m /root/miniconda3/envs/vision-opd/lib/python3.12/site-packages/vllm/model_executor/layers/fla/ops/utils.py:113: UserWarning: Input tensor shape suggests potential format mismatch: seq_len (21) < num_heads (32). This may indicate the inputs were passed in head-first format [B, H, T, ...] when head_first=False was specified. Please verify your input tensor format matches the expected shape [B, T, H, ...].
[36m(WorkerDict pid=15424)[0m   return fn(*contiguous_args, **contiguous_kwargs)
[36m(WorkerDict pid=15424)[0m /root/miniconda3/envs/vision-opd/lib/python3.12/site-packages/vllm/model_executor/layers/fla/ops/utils.py:113: UserWarning: Input tensor shape suggests potential format mismatch: seq_len (21) < num_heads (32). This may indicate the inputs were passed in head-first format [B, H, T, ...] when head_first=False was specified. Please verify your input tensor format matches the expected shape [B, T, H, ...].
[36m(WorkerDict pid=15424)[0m   return fn(*contiguous_args, **contiguous_kwargs)
[36m(WorkerDict pid=15424)[0m /root/autodl-tmp/Vision-OPD-main/verl/utils/device.py:134: FutureWarning: torch.cuda._set_allocator_settings is deprecated. Use torch._C._accelerator_setAllocatorSettings instead.
[36m(WorkerDict pid=15424)[0m   torch.cuda.memory._set_allocator_settings(f"expandable_segments:{enable}")

[36m(TaskRunner pid=15002)[0m Dumped generations to /root/autodl-tmp/Vision-OPD-main/artifacts/runs/E-D11-6K-GATE-001/pilot/64/rollouts/7.jsonl
[36m(TaskRunner pid=15002)[0m step:7 - global_seqlen/min:16356 - global_seqlen/max:18857 - global_seqlen/minmax_diff:2501 - global_seqlen/balanced_min:17463 - global_seqlen/balanced_max:17750 - global_seqlen/mean:17606.5 - self_distillation/teacher_always_on_fraction:1.0 - self_distillation/teacher_image_swap_fraction:1.0 - self_distillation/policy_fallback_fraction:0.0 - self_distillation/grpo_fallback_count:0.0 - rollout_corr/rollout_is_mean:1.0 - rollout_corr/rollout_is_ratio_fraction_high:0.0 - rollout_corr/rollout_is_ratio_fraction_low:0.0 - rollout_corr/rollout_is_max:1.0 - rollout_corr/rollout_is_min:1.0 - rollout_corr/rollout_is_std:0.0 - rollout_corr/rollout_is_eff_sample_size:1.0 - rollout_corr/rollout_is_seq_mean:1.0 - rollout_corr/rollout_is_seq_std:0.0 - rollout_corr/rollout_is_seq_max:1.0 - rollout_corr/rollout_is_seq_min:1.0 - rollout_corr/rollout_is_seq_max_deviation:0.0 - rollout_corr/rollout_is_seq_fraction_high:0.0 - rollout_corr/rollout_is_seq_fraction_low:0.0 - rollout_corr/training_ppl:2.8885926008224487 - rollout_corr/training_log_ppl:0.9065135568380356 - rollout_corr/kl:0.07770022843033075 - rollout_corr/k3_kl:0.06094903498888016 - rollout_corr/rollout_ppl:2.115256756544113 - rollout_corr/rollout_log_ppl:0.7018351554870605 - rollout_corr/log_ppl_diff:0.20467842370271683 - rollout_corr/log_ppl_abs_diff:0.20480208098888397 - rollout_corr/log_ppl_diff_max:1.1773905754089355 - rollout_corr/log_ppl_diff_min:-0.0004946291446685791 - rollout_corr/ppl_ratio:1.3425015807151794 - rollout_corr/chi2_token:0.06876413524150848 - rollout_corr/chi2_seq:-0.6175136119127274 - actor/pg_loss:0.016954106045886874 - actor/kl_loss:0.0 - actor/grpo_loss:0.0 - actor/vopd_loss:0.016954106045886874 - actor/vopd_loss_weighted:0.016954106045886874 - actor/policy_fallback_fraction:0.0 - self_distillation/raw_jsd_token_mean:0.035125500755384564 - self_distillation/weighted_jsd_token_mean:0.035125500755384564 - self_distillation/self_distillation_mask.mean():1.0 - self_distillation/num_distill_tokens:151.25 - self_distillation/empty_target_batch:0.0 - actor/grad_norm:1.5393720865249634 - timing_s/update_actor/student_forward:2.12195767974481 - timing_s/update_actor/teacher_forward:1.1864186432212591 - timing_s/update_actor/loss_compute:0.003370388876646757 - timing_s/update_actor/backward:5.457282678224146 - timing_s/update_actor/optimizer_step:0.12119838502258062 - timing_s/update_actor/teacher_ema_update:6.950017720926553 - evidence/runtime_probe_enabled:1.0 - evidence/parameter_probe_elements:512.0 - evidence/student_param_probe_max_delta_after_optimizer:1.1920928955078125e-06 - evidence/teacher_param_probe_max_delta_after_optimizer:0.0 - evidence/teacher_grad_non_none_count:0.0 - evidence/teacher_param_probe_max_delta_after_ema:2.384185791015625e-07 - evidence/ema_update_applied:1.0 - perf/mfu/actor:0.0 - perf/max_memory_allocated_gb:108.4178056716919 - perf/max_memory_reserved_gb:119.91015625 - perf/cpu_memory_used_gb:201.18195915222168 - actor/lr:1.2e-06 - training/global_step:7 - training/epoch:0 - response_length/mean:75.625 - response_length/max:183.0 - response_length/min:4.0 - response_length/clip_ratio:0.0 - response_length_non_aborted/mean:75.625 - response_length_non_aborted/max:183.0 - response_length_non_aborted/min:4.0 - response_length_non_aborted/clip_ratio:0.0 - response/aborted_ratio:0.0 - prompt_length/mean:4326.0 - prompt_length/max:5907.0 - prompt_length/min:2991.0 - prompt_length/clip_ratio:0.0 - num_turns/min:2 - num_turns/max:2 - num_turns/mean:2.0 - timing_s/start_profile:0.00012999912723898888 - timing_s/agent_loop/generate_sequences/min:2.059116925112903 - timing_s/agent_loop/generate_sequences/max:4.117864399217069 - timing_s/agent_loop/generate_sequences/mean:2.982385917508509 - timing_s/agent_loop/tool_calls/min:0.0 - timing_s/agent_loop/tool_calls/max:0.0 - timing_s/agent_loop/tool_calls/mean:0.0 - timing_s/agent_loop/slowest/generate_sequences:4.117864399217069 - timing_s/agent_loop/slowest/tool_calls:0.0 - timing_s/agent_loop/slowest/prompt_length:2991 - timing_s/agent_loop/slowest/response_length:99 - timing_s/gen:11.854891972150654 - timing_s/adv:1.1189144169911742 - timing_s/update_actor:19.982000578194857 - timing_s/dump_rollout_generations:0.026710609905421734 - timing_s/step:32.99109760299325 - timing_s/stop_profile:0.00014922907575964928 - timing_per_token_ms/gen:19.594862763885377 - timing_per_token_ms/adv:0.03177560608273008 - timing_per_token_ms/update_actor:0.5674608973445846 - perf/total_num_tokens:35213 - perf/time_per_step:32.99109760299325 - perf/throughput:533.674272128569
[36m(TaskRunner pid=15002)[0m Dumped generations to /root/autodl-tmp/Vision-OPD-main/artifacts/runs/E-D11-6K-GATE-001/pilot/64/rollouts/8.jsonl
[36m(TaskRunner pid=15002)[0m local_global_step_folder: /root/autodl-tmp/Vision-OPD-main/artifacts/runs/E-D11-6K-GATE-001/pilot/64/checkpoints/global_step_8
[36m(TaskRunner pid=15002)[0m Training Progress: 100%|██████████| 8/8 [07:45<00:00, 72.71s/it]Training Progress: 100%|██████████| 8/8 [07:45<00:00, 58.14s/it]
[36m(TaskRunner pid=15002)[0m step:8 - global_seqlen/min:14331 - global_seqlen/max:18809 - global_seqlen/minmax_diff:4478 - global_seqlen/balanced_min:16516 - global_seqlen/balanced_max:16624 - global_seqlen/mean:16570.0 - self_distillation/teacher_always_on_fraction:1.0 - self_distillation/teacher_image_swap_fraction:1.0 - self_distillation/policy_fallback_fraction:0.0 - self_distillation/grpo_fallback_count:0.0 - rollout_corr/rollout_is_mean:1.0 - rollout_corr/rollout_is_ratio_fraction_high:0.0 - rollout_corr/rollout_is_ratio_fraction_low:0.0 - rollout_corr/rollout_is_max:1.0 - rollout_corr/rollout_is_min:1.0 - rollout_corr/rollout_is_std:0.0 - rollout_corr/rollout_is_eff_sample_size:1.0 - rollout_corr/rollout_is_seq_mean:1.0 - rollout_corr/rollout_is_seq_std:0.0 - rollout_corr/rollout_is_seq_max:1.0 - rollout_corr/rollout_is_seq_min:1.0 - rollout_corr/rollout_is_seq_max_deviation:0.0 - rollout_corr/rollout_is_seq_fraction_high:0.0 - rollout_corr/rollout_is_seq_fraction_low:0.0 - rollout_corr/training_ppl:2.2066235542297363 - rollout_corr/training_log_ppl:0.7579468190670013 - rollout_corr/kl:0.11635762685909867 - rollout_corr/k3_kl:0.12546925945207477 - rollout_corr/rollout_ppl:2.0696893632411957 - rollout_corr/rollout_log_ppl:0.6883756220340729 - rollout_corr/log_ppl_diff:0.06957123056054115 - rollout_corr/log_ppl_abs_diff:0.07517190650105476 - rollout_corr/log_ppl_diff_max:0.29321426153182983 - rollout_corr/log_ppl_diff_min:-0.009935617446899414 - rollout_corr/ppl_ratio:1.077408879995346 - rollout_corr/chi2_token:0.5718486607074738 - rollout_corr/chi2_seq:-0.5630663931369781 - actor/pg_loss:0.008864912088029087 - actor/kl_loss:0.0 - actor/grpo_loss:0.0 - actor/vopd_loss:0.008864912088029087 - actor/vopd_loss_weighted:0.008864912088029087 - actor/policy_fallback_fraction:0.0 - self_distillation/raw_jsd_token_mean:0.017253328114748 - self_distillation/weighted_jsd_token_mean:0.017253328114748 - self_distillation/self_distillation_mask.mean():1.0 - self_distillation/num_distill_tokens:295.5 - self_distillation/empty_target_batch:0.0 - actor/grad_norm:1.9835972785949707 - timing_s/update_actor/student_forward:1.9924638750962913 - timing_s/update_actor/teacher_forward:1.1306952093727887 - timing_s/update_actor/loss_compute:0.0031443340703845024 - timing_s/update_actor/backward:4.721937149763107 - timing_s/update_actor/optimizer_step:0.08641436602920294 - timing_s/update_actor/teacher_ema_update:7.13138394895941 - evidence/runtime_probe_enabled:1.0 - evidence/parameter_probe_elements:512.0 - evidence/student_param_probe_max_delta_after_optimizer:1.3047829270362854e-06 - evidence/teacher_param_probe_max_delta_after_optimizer:0.0 - evidence/teacher_grad_non_none_count:0.0 - evidence/teacher_param_probe_max_delta_after_ema:2.443557605147362e-07 - evidence/ema_update_applied:1.0 - perf/mfu/actor:0.0 - perf/max_memory_allocated_gb:108.4178056716919 - perf/max_memory_reserved_gb:119.91015625 - perf/cpu_memory_used_gb:201.4921360015869 - actor/lr:1.4e-06 - training/global_step:8 - training/epoch:0 - response_length/mean:147.75 - response_length/max:392.0 - response_length/min:2.0 - response_length/clip_ratio:0.0 - response_length_non_aborted/mean:147.75 - response_length_non_aborted/max:392.0 - response_length_non_aborted/min:2.0 - response_length_non_aborted/clip_ratio:0.0 - response/aborted_ratio:0.0 - prompt_length/mean:3994.75 - prompt_length/max:5727.0 - prompt_length/min:2471.0 - prompt_length/clip_ratio:0.0 - num_turns/min:2 - num_turns/max:2 - num_turns/mean:2.0 - timing_s/start_profile:0.0001335390843451023 - timing_s/agent_loop/generate_sequences/min:2.09889350598678 - timing_s/agent_loop/generate_sequences/max:16.737663981039077 - timing_s/agent_loop/generate_sequences/mean:8.845035588601604 - timing_s/agent_loop/tool_calls/min:0.0 - timing_s/agent_loop/tool_calls/max:0.0 - timing_s/agent_loop/tool_calls/mean:0.0 - timing_s/agent_loop/slowest/generate_sequences:16.737663981039077 - timing_s/agent_loop/slowest/tool_calls:0.0 - timing_s/agent_loop/slowest/prompt_length:5727 - timing_s/agent_loop/slowest/response_length:368 - timing_s/gen:24.35609488096088 - timing_s/adv:0.7984821028076112 - timing_s/update_actor:19.26537047093734 - timing_s/dump_rollout_generations:0.0356829771772027 - timing_s/step:44.467727600131184 - timing_s/save_checkpoint:100.9799040411599 - timing_s/stop_profile:0.00016522593796253204 - timing_per_token_ms/gen:20.605833232623418 - timing_per_token_ms/adv:0.024094209499324417 - timing_per_token_ms/update_actor:0.5813328446269566 - perf/total_num_tokens:33140 - perf/time_per_step:44.467727600131184 - perf/throughput:372.6297900581526
[36m(TaskRunner pid=15002)[0m 'Final validation metrics: None'
PILOT_POSTFLIGHT=PASS_TRAINING_PENDING_RELOAD
TRAINING_GATE_PASS=True
STAGE_GATE_PASS=False
OUTPUT=/root/autodl-tmp/Vision-OPD-main/artifacts/runs/E-D11-6K-GATE-001/pilot/64/evidence/postflight.json
